ÐòºÅ,ÐÍºÅ,FP7,FPr2,FP8,CPU ºËÐÄÊýÁ¿,Ïß³ÌÊýÁ¿,GPU ºËÐÄÊýÁ¿,»ù×¼Ê±ÖÓÆµÂÊ,×î¸ß¼ÓËÙÊ±ÖÓÆµÂÊ,Ò»¼¶»º´æ,¶þ¼¶»º´æ,Èý¼¶»º´æ,²»ËøÆµ,CPU ºËÐÄµÄ´¦ÀíÆ÷¹¤ÒÕ,·â×°ÀàÐÍ,PCI Express_ °æ±¾,Ä¬ÈÏÈÈÉè¼Æ¹¦ºÄ/TDP,AMD ¿ÉÅäÖÃ¹¦ºÄ (cTDP),×î¸ßÎÂ¶È,Õû»úÄÚ´æ¹æ¸ñ,ÄÚ´æÀàÐÍ,ÄÚ´æÍ¨µÀ,ÏÔ¿¨ÆµÂÊ,ÏÔ¿¨ÐÍºÅ,,,,,,,,,,,,,,,,,,,,,,,,,,,,,,,,,,,,,,,,,,,,,,,,,,,,,,,,,,,,,,,,,,,,,,,,,,,,,,,,,,,,,,,,,,,,,,,,,,,,,,,,,,,,,,,,,,,,,,,,,,,,,,,,,,,,,,,,,,,,,,,,,,,,,,,,,,,,,,,,,,,,,,,,,,,,,,,,,,,,,,,,,,,,,,,,,,,,,,,,,,,,,,,,,,,,,,,,,,,,,,,
1,AMD Ryzenþ 7 2800H,YM2800C3T4MFB,,,4,8,11,3.3GHz,×î¸ß¿É´ï3.8GHz,192KB,2MB(Õ×),4MB(Õ×),·ñ,14nm,FP5,PCIe_ 3.0,45W,35-54W,95¡ãC,×î¸ß¿É´ï3200MT/s,,2,1300 MHz,Radeonþ RX Vega 11 Graphics,,,,,,,,,,,,,,,,,,,,,,,,,,,,,,,,,,,,,,,,,,,,,,,,,,,,,,,,,,,,,,,,,,,,,,,,,,,,,,,,,,,,,,,,,,,,,,,,,,,,,,,,,,,,,,,,,,,,,,,,,,,,,,,,,,,,,,,,,,,,,,,,,,,,,,,,,,,,,,,,,,,,,,,,,,,,,,,,,,,,,,,,,,,,,,,,,,,,,,,,,,,,,,,,,,,,,,,,,,,,,,,
2,AMD Ryzenþ 5 2600H,YM2600C3T4MFB,,,4,8,8,3.2GHz,×î¸ß¿É´ï3.6GHz,192KB,2MB(Õ×),4MB(Õ×),·ñ,14nm,FP5,PCIe_ 3.0,45W,35-54W,95¡ãC,×î¸ß¿É´ï3200MT/s,,2,1100 MHz,Radeonþ Vega 8 Graphics,,,,,,,,,,,,,,,,,,,,,,,,,,,,,,,,,,,,,,,,,,,,,,,,,,,,,,,,,,,,,,,,,,,,,,,,,,,,,,,,,,,,,,,,,,,,,,,,,,,,,,,,,,,,,,,,,,,,,,,,,,,,,,,,,,,,,,,,,,,,,,,,,,,,,,,,,,,,,,,,,,,,,,,,,,,,,,,,,,,,,,,,,,,,,,,,,,,,,,,,,,,,,,,,,,,,,,,,,,,,,,,
3,AMD Ryzenþ 7 2700U,YM2700C4T4MFB,,,4,8,10,2.2GHz,×î¸ß¿É´ï3.8GHz,384KB,2MB(Õ×),4MB(Õ×),·ñ,14nm,FP5,PCIe_ 3.0,15W,12-25W,95¡ãC,×î¸ß¿É´ï2400MT/s,DDR4,2,1300 MHz,Radeonþ RX Vega 10 Graphics,,,,,,,,,,,,,,,,,,,,,,,,,,,,,,,,,,,,,,,,,,,,,,,,,,,,,,,,,,,,,,,,,,,,,,,,,,,,,,,,,,,,,,,,,,,,,,,,,,,,,,,,,,,,,,,,,,,,,,,,,,,,,,,,,,,,,,,,,,,,,,,,,,,,,,,,,,,,,,,,,,,,,,,,,,,,,,,,,,,,,,,,,,,,,,,,,,,,,,,,,,,,,,,,,,,,,,,,,,,,,,,
4,AMD Ryzenþ 5 2500U,YM2500C4T4MFB,,,4,8,8,2.0GHz,×î¸ß¿É´ï3.6GHz,384KB,2MB(Õ×),4MB(Õ×),·ñ,14nm,FP5,PCIe_ 3.0,15W,12-25W,95¡ãC,×î¸ß¿É´ï2400MT/s,DDR4,2,1100 MHz,Radeonþ Vega 8 Graphics,,,,,,,,,,,,,,,,,,,,,,,,,,,,,,,,,,,,,,,,,,,,,,,,,,,,,,,,,,,,,,,,,,,,,,,,,,,,,,,,,,,,,,,,,,,,,,,,,,,,,,,,,,,,,,,,,,,,,,,,,,,,,,,,,,,,,,,,,,,,,,,,,,,,,,,,,,,,,,,,,,,,,,,,,,,,,,,,,,,,,,,,,,,,,,,,,,,,,,,,,,,,,,,,,,,,,,,,,,,,,,,
5,AMD Ryzenþ 3 2300U,YM2300C4T4MFB,,,4,4,6,2.0GHz,×î¸ß¿É´ï3.4GHz,384KB,2MB(Õ×),4MB(Õ×),·ñ,14nm,FP5,PCIe_ 3.0,15W,12-25W,95¡ãC,×î¸ß¿É´ï2400MT/s,DDR4,2,1100 MHz,Radeonþ Vega 6 Graphics,,,,,,,,,,,,,,,,,,,,,,,,,,,,,,,,,,,,,,,,,,,,,,,,,,,,,,,,,,,,,,,,,,,,,,,,,,,,,,,,,,,,,,,,,,,,,,,,,,,,,,,,,,,,,,,,,,,,,,,,,,,,,,,,,,,,,,,,,,,,,,,,,,,,,,,,,,,,,,,,,,,,,,,,,,,,,,,,,,,,,,,,,,,,,,,,,,,,,,,,,,,,,,,,,,,,,,,,,,,,,,,
6,AMD Ryzenþ 3 2200U,YM2200C4T2OFB,,,2,4,3,2.5GHz,×î¸ß¿É´ï3.4GHz,384KB,1MB(Õ×),4MB(Õ×),·ñ,14nm,FP5,PCIe_ 3.0,15W,12-25W,95¡ãC,×î¸ß¿É´ï2400MT/s,DDR4,2,1100 MHz,Radeonþ Vega 3 Graphics,,,,,,,,,,,,,,,,,,,,,,,,,,,,,,,,,,,,,,,,,,,,,,,,,,,,,,,,,,,,,,,,,,,,,,,,,,,,,,,,,,,,,,,,,,,,,,,,,,,,,,,,,,,,,,,,,,,,,,,,,,,,,,,,,,,,,,,,,,,,,,,,,,,,,,,,,,,,,,,,,,,,,,,,,,,,,,,,,,,,,,,,,,,,,,,,,,,,,,,,,,,,,,,,,,,,,,,,,,,,,,,
7,AMD Ryzenþ 7 PRO 2700U,YM270BC4T4MFB,,,4,8,10,2.2GHz,×î¸ß¿É´ï3.8GHz,384KB,2MB(Õ×),4MB(Õ×),·ñ,14nm,FP5,PCIe_ 3.0,15W,12-25W,95¡ãC,×î¸ß¿É´ï2400MT/s,DDR4,2,1300 MHz,Radeonþ Vega 10 Graphics,,,,,,,,,,,,,,,,,,,,,,,,,,,,,,,,,,,,,,,,,,,,,,,,,,,,,,,,,,,,,,,,,,,,,,,,,,,,,,,,,,,,,,,,,,,,,,,,,,,,,,,,,,,,,,,,,,,,,,,,,,,,,,,,,,,,,,,,,,,,,,,,,,,,,,,,,,,,,,,,,,,,,,,,,,,,,,,,,,,,,,,,,,,,,,,,,,,,,,,,,,,,,,,,,,,,,,,,,,,,,,,
8,AMD Ryzenþ 5 PRO 2500U,YM250BC4T4MFB,,,4,8,8,2.0GHz,×î¸ß¿É´ï3.6GHz,384KB,2MB(Õ×),4MB(Õ×),·ñ,14nm,FP5,PCIe_ 3.0,15W,12-25W,95¡ãC,×î¸ß¿É´ï2400MT/s,DDR4,2,1100 MHz,Radeonþ Vega 8 Graphics,,,,,,,,,,,,,,,,,,,,,,,,,,,,,,,,,,,,,,,,,,,,,,,,,,,,,,,,,,,,,,,,,,,,,,,,,,,,,,,,,,,,,,,,,,,,,,,,,,,,,,,,,,,,,,,,,,,,,,,,,,,,,,,,,,,,,,,,,,,,,,,,,,,,,,,,,,,,,,,,,,,,,,,,,,,,,,,,,,,,,,,,,,,,,,,,,,,,,,,,,,,,,,,,,,,,,,,,,,,,,,,
9,AMD Ryzenþ 3 PRO 2300U,YM230BC4T4MFB,,,4,4,6,2.0GHz,×î¸ß¿É´ï3.4GHz,384KB,2MB(Õ×),4MB(Õ×),·ñ,14nm,FP5,PCIe_ 3.0,15W,12-25W,95¡ãC,×î¸ß¿É´ï2400MT/s,DDR4,2,1100 MHz,Radeonþ Vega 6 Graphics,,,,,,,,,,,,,,,,,,,,,,,,,,,,,,,,,,,,,,,,,,,,,,,,,,,,,,,,,,,,,,,,,,,,,,,,,,,,,,,,,,,,,,,,,,,,,,,,,,,,,,,,,,,,,,,,,,,,,,,,,,,,,,,,,,,,,,,,,,,,,,,,,,,,,,,,,,,,,,,,,,,,,,,,,,,,,,,,,,,,,,,,,,,,,,,,,,,,,,,,,,,,,,,,,,,,,,,,,,,,,,,
10,AMD Ryzenþ 3 3250U,YM3250C4T2OFG,,,2,4,3,2.6GHz,×î¸ß¿É´ï3.5GHz,192KB,1MB(Õ×),4MB(Õ×),,14nm,FP5,PCIe_ 3.0,15W,12-25W,95¡ãC,×î¸ß¿É´ï2400MT/s,DDR4,2,1200 MHz,AMD Radeonþ Graphics,,,,,,,,,,,,,,,,,,,,,,,,,,,,,,,,,,,,,,,,,,,,,,,,,,,,,,,,,,,,,,,,,,,,,,,,,,,,,,,,,,,,,,,,,,,,,,,,,,,,,,,,,,,,,,,,,,,,,,,,,,,,,,,,,,,,,,,,,,,,,,,,,,,,,,,,,,,,,,,,,,,,,,,,,,,,,,,,,,,,,,,,,,,,,,,,,,,,,,,,,,,,,,,,,,,,,,,,,,,,,,,
11,AMD Ryzenþ 7 3780U Microsoft Surface_ Edition,,,,4,8,11,2.3GHz,×î¸ß¿É´ï4.0GHz,384KB,2MB(Õ×),4MB(Õ×),·ñ,12nm,FP5,PCIe_ 3.0,15W,12-35W,105¡ãC,×î¸ß¿É´ï2400MT/s,,2,1400 MHz,Radeonþ RX Vega 11 Graphics,,,,,,,,,,,,,,,,,,,,,,,,,,,,,,,,,,,,,,,,,,,,,,,,,,,,,,,,,,,,,,,,,,,,,,,,,,,,,,,,,,,,,,,,,,,,,,,,,,,,,,,,,,,,,,,,,,,,,,,,,,,,,,,,,,,,,,,,,,,,,,,,,,,,,,,,,,,,,,,,,,,,,,,,,,,,,,,,,,,,,,,,,,,,,,,,,,,,,,,,,,,,,,,,,,,,,,,,,,,,,,,
12,AMD Ryzenþ 7 3750H,YM3700C4T4MFG,,,4,8,10,2.3GHz,×î¸ß¿É´ï4.0GHz,384KB,2MB(Õ×),4MB(Õ×),·ñ,12nm,FP5,PCIe_ 3.0,35W,12-35W,105¡ãC,×î¸ß¿É´ï2400MT/s,,2,1400 MHz,Radeonþ RX Vega 10 Graphics,,,,,,,,,,,,,,,,,,,,,,,,,,,,,,,,,,,,,,,,,,,,,,,,,,,,,,,,,,,,,,,,,,,,,,,,,,,,,,,,,,,,,,,,,,,,,,,,,,,,,,,,,,,,,,,,,,,,,,,,,,,,,,,,,,,,,,,,,,,,,,,,,,,,,,,,,,,,,,,,,,,,,,,,,,,,,,,,,,,,,,,,,,,,,,,,,,,,,,,,,,,,,,,,,,,,,,,,,,,,,,,
13,AMD Ryzenþ 5 3550H,YM3500C4T4MFG,,,4,8,8,2.1GHz,×î¸ß¿É´ï3.7GHz,384KB,2MB(Õ×),4MB(Õ×),·ñ,12nm,FP5,PCIe_ 3.0,35W,12-35W,105¡ãC,×î¸ß¿É´ï2400MT/s,,2,1200 MHz,Radeonþ Vega 8 Graphics,,,,,,,,,,,,,,,,,,,,,,,,,,,,,,,,,,,,,,,,,,,,,,,,,,,,,,,,,,,,,,,,,,,,,,,,,,,,,,,,,,,,,,,,,,,,,,,,,,,,,,,,,,,,,,,,,,,,,,,,,,,,,,,,,,,,,,,,,,,,,,,,,,,,,,,,,,,,,,,,,,,,,,,,,,,,,,,,,,,,,,,,,,,,,,,,,,,,,,,,,,,,,,,,,,,,,,,,,,,,,,,
14,AMD Ryzenþ 7 3700U,YM3700C4T4MFG,,,4,8,10,2.3GHz,×î¸ß¿É´ï4.0GHz,384KB,2MB(Õ×),4MB(Õ×),·ñ,12nm,FP5,PCIe_ 3.0,15W,12-35W,105¡ãC,×î¸ß¿É´ï2400MT/s,DDR4,2,1400 MHz,Radeonþ RX Vega 10 Graphics,,,,,,,,,,,,,,,,,,,,,,,,,,,,,,,,,,,,,,,,,,,,,,,,,,,,,,,,,,,,,,,,,,,,,,,,,,,,,,,,,,,,,,,,,,,,,,,,,,,,,,,,,,,,,,,,,,,,,,,,,,,,,,,,,,,,,,,,,,,,,,,,,,,,,,,,,,,,,,,,,,,,,,,,,,,,,,,,,,,,,,,,,,,,,,,,,,,,,,,,,,,,,,,,,,,,,,,,,,,,,,,
15,AMD Ryzenþ 3 3350U,YM3300C4T4MFG,,,4,4,6,2.1GHz,×î¸ß¿É´ï3.5GHz,348KB,2MB(Õ×),4MB(Õ×),·ñ,12nm,FP5,PCIe_ 3.0,15W,12-35W,105¡ãC,×î¸ß¿É´ï2400MT/s,,2,1200 MHz,Radeonþ Vega 6 Graphics,,,,,,,,,,,,,,,,,,,,,,,,,,,,,,,,,,,,,,,,,,,,,,,,,,,,,,,,,,,,,,,,,,,,,,,,,,,,,,,,,,,,,,,,,,,,,,,,,,,,,,,,,,,,,,,,,,,,,,,,,,,,,,,,,,,,,,,,,,,,,,,,,,,,,,,,,,,,,,,,,,,,,,,,,,,,,,,,,,,,,,,,,,,,,,,,,,,,,,,,,,,,,,,,,,,,,,,,,,,,,,,
16,AMD Ryzenþ 5 3500U,YM3500C4T4MFG,,,4,8,8,2.1GHz,×î¸ß¿É´ï3.7GHz,384KB,2MB(Õ×),4MB(Õ×),·ñ,12nm,FP5,PCIe_ 3.0,15W,12-35W,105¡ãC,×î¸ß¿É´ï2400MT/s,,2,1200 MHz,Radeonþ Vega 8 Graphics,,,,,,,,,,,,,,,,,,,,,,,,,,,,,,,,,,,,,,,,,,,,,,,,,,,,,,,,,,,,,,,,,,,,,,,,,,,,,,,,,,,,,,,,,,,,,,,,,,,,,,,,,,,,,,,,,,,,,,,,,,,,,,,,,,,,,,,,,,,,,,,,,,,,,,,,,,,,,,,,,,,,,,,,,,,,,,,,,,,,,,,,,,,,,,,,,,,,,,,,,,,,,,,,,,,,,,,,,,,,,,,
17,AMD Ryzenþ 7 3700C,YM370CC4T4MFG,,,4,8,10,2.3GHz,×î¸ß¿É´ï4.0GHz,384KB,2MB(Õ×),4MB(Õ×),·ñ,12nm,FP5,,15W,12-25W,105¡ãC,,,,1400 MHz,AMD Radeonþ Graphics,,,,,,,,,,,,,,,,,,,,,,,,,,,,,,,,,,,,,,,,,,,,,,,,,,,,,,,,,,,,,,,,,,,,,,,,,,,,,,,,,,,,,,,,,,,,,,,,,,,,,,,,,,,,,,,,,,,,,,,,,,,,,,,,,,,,,,,,,,,,,,,,,,,,,,,,,,,,,,,,,,,,,,,,,,,,,,,,,,,,,,,,,,,,,,,,,,,,,,,,,,,,,,,,,,,,,,,,,,,,,,,
18,AMD Ryzenþ 5 3450U,YM3450C4T4MFG,,,4,8,,2.1GHz,×î¸ß¿É´ï3.5GHz,384KB,2MB(Õ×),4MB(Õ×),·ñ,12nm,FP5,PCIe_ 3.0,15W,12-35W,105¡ãC,×î¸ß¿É´ï2400MT/s,,2,1200 MHz,Radeonþ Vega 8 Graphics,,,,,,,,,,,,,,,,,,,,,,,,,,,,,,,,,,,,,,,,,,,,,,,,,,,,,,,,,,,,,,,,,,,,,,,,,,,,,,,,,,,,,,,,,,,,,,,,,,,,,,,,,,,,,,,,,,,,,,,,,,,,,,,,,,,,,,,,,,,,,,,,,,,,,,,,,,,,,,,,,,,,,,,,,,,,,,,,,,,,,,,,,,,,,,,,,,,,,,,,,,,,,,,,,,,,,,,,,,,,,,,
19,AMD Ryzenþ 5 3580U Microsoft Surface_ Edition,,,,4,8,9,2.1GHz,×î¸ß¿É´ï3.7GHz,384KB,2MB(Õ×),4MB(Õ×),·ñ,12nm,FP5,PCIe_ 3.0,15W,12-35W,105¡ãC,×î¸ß¿É´ï2400MT/s,,2,1300 MHz,Radeonþ Vega 9 Graphics,,,,,,,,,,,,,,,,,,,,,,,,,,,,,,,,,,,,,,,,,,,,,,,,,,,,,,,,,,,,,,,,,,,,,,,,,,,,,,,,,,,,,,,,,,,,,,,,,,,,,,,,,,,,,,,,,,,,,,,,,,,,,,,,,,,,,,,,,,,,,,,,,,,,,,,,,,,,,,,,,,,,,,,,,,,,,,,,,,,,,,,,,,,,,,,,,,,,,,,,,,,,,,,,,,,,,,,,,,,,,,,
20,AMD Ryzenþ 3 3300U,YM3300C4T4MFG,,,4,4,6,2.1GHz,×î¸ß¿É´ï3.5GHz,384KB,2MB(Õ×),4MB(Õ×),·ñ,12nm,FP5,PCIe_ 3.0,15W,12-35W,105¡ãC,×î¸ß¿É´ï2400MT/s,,2,1200 MHz,Radeonþ Vega 6 Graphics,,,,,,,,,,,,,,,,,,,,,,,,,,,,,,,,,,,,,,,,,,,,,,,,,,,,,,,,,,,,,,,,,,,,,,,,,,,,,,,,,,,,,,,,,,,,,,,,,,,,,,,,,,,,,,,,,,,,,,,,,,,,,,,,,,,,,,,,,,,,,,,,,,,,,,,,,,,,,,,,,,,,,,,,,,,,,,,,,,,,,,,,,,,,,,,,,,,,,,,,,,,,,,,,,,,,,,,,,,,,,,,
21,AMD Ryzenþ 5 3500C,YM350CC4T4MFG,,,4,8,8,2.1GHz,×î¸ß¿É´ï3.7GHz,384KB,2MB(Õ×),4MB(Õ×),·ñ,12nm,FP5,,15W,12-25W,105¡ãC,,,,1200 MHz,AMD Radeonþ Graphics,,,,,,,,,,,,,,,,,,,,,,,,,,,,,,,,,,,,,,,,,,,,,,,,,,,,,,,,,,,,,,,,,,,,,,,,,,,,,,,,,,,,,,,,,,,,,,,,,,,,,,,,,,,,,,,,,,,,,,,,,,,,,,,,,,,,,,,,,,,,,,,,,,,,,,,,,,,,,,,,,,,,,,,,,,,,,,,,,,,,,,,,,,,,,,,,,,,,,,,,,,,,,,,,,,,,,,,,,,,,,,,
22,AMD Ryzenþ 3 3200U,YM3200C4T2OFG,,,2,4,3,2.6GHz,×î¸ß¿É´ï3.5GHz,192KB,1MB(Õ×),4MB(Õ×),·ñ,14nm,FP5,PCIe_ 3.0,15W,12-25W,105¡ãC,×î¸ß¿É´ï2400MT/s,,2,1200 MHz,Radeonþ Vega 3 Graphics,,,,,,,,,,,,,,,,,,,,,,,,,,,,,,,,,,,,,,,,,,,,,,,,,,,,,,,,,,,,,,,,,,,,,,,,,,,,,,,,,,,,,,,,,,,,,,,,,,,,,,,,,,,,,,,,,,,,,,,,,,,,,,,,,,,,,,,,,,,,,,,,,,,,,,,,,,,,,,,,,,,,,,,,,,,,,,,,,,,,,,,,,,,,,,,,,,,,,,,,,,,,,,,,,,,,,,,,,,,,,,,
23,AMD Ryzenþ 3 3250C,YM325CC4T2OFG,,,2,4,3,2.6GHz,×î¸ß¿É´ï3.5GHz,192KB,1MB(Õ×),4MB(Õ×),·ñ,14nm,FP5,,15W,12-25W,105¡ãC,,,,1200 MHz,AMD Radeonþ Graphics,,,,,,,,,,,,,,,,,,,,,,,,,,,,,,,,,,,,,,,,,,,,,,,,,,,,,,,,,,,,,,,,,,,,,,,,,,,,,,,,,,,,,,,,,,,,,,,,,,,,,,,,,,,,,,,,,,,,,,,,,,,,,,,,,,,,,,,,,,,,,,,,,,,,,,,,,,,,,,,,,,,,,,,,,,,,,,,,,,,,,,,,,,,,,,,,,,,,,,,,,,,,,,,,,,,,,,,,,,,,,,,
24,AMD Ryzenþ 7 PRO 3700U,YM370BC4T4MFG,,,4,8,10,2.3GHz,×î¸ß¿É´ï4.0GHz,384KB,2MB(Õ×),4MB(Õ×),·ñ,12nm,FP5,PCIe_ 3.0,15W,12-25W,95¡ãC,×î¸ß¿É´ï2400MT/s,,2,1400 MHz,Radeonþ Vega 10 Graphics,,,,,,,,,,,,,,,,,,,,,,,,,,,,,,,,,,,,,,,,,,,,,,,,,,,,,,,,,,,,,,,,,,,,,,,,,,,,,,,,,,,,,,,,,,,,,,,,,,,,,,,,,,,,,,,,,,,,,,,,,,,,,,,,,,,,,,,,,,,,,,,,,,,,,,,,,,,,,,,,,,,,,,,,,,,,,,,,,,,,,,,,,,,,,,,,,,,,,,,,,,,,,,,,,,,,,,,,,,,,,,,
25,AMD Ryzenþ 5 PRO 3500U,YM350BC4T4MFG,,,4,8,8,2.1GHz,×î¸ß¿É´ï3.7GHz,384KB,2MB(Õ×),4MB(Õ×),·ñ,12nm,FP5,PCIe_ 3.0,15W,12-25W,95¡ãC,×î¸ß¿É´ï2400MT/s,,2,1200 MHz,Radeonþ Vega 8 Graphics,,,,,,,,,,,,,,,,,,,,,,,,,,,,,,,,,,,,,,,,,,,,,,,,,,,,,,,,,,,,,,,,,,,,,,,,,,,,,,,,,,,,,,,,,,,,,,,,,,,,,,,,,,,,,,,,,,,,,,,,,,,,,,,,,,,,,,,,,,,,,,,,,,,,,,,,,,,,,,,,,,,,,,,,,,,,,,,,,,,,,,,,,,,,,,,,,,,,,,,,,,,,,,,,,,,,,,,,,,,,,,,
26,AMD Ryzenþ 3 PRO 3300U,YM330BC4T4MFG,,,4,4,6,2.1GHz,×î¸ß¿É´ï3.5GHz,384KB,2MB(Õ×),4MB(Õ×),·ñ,12nm,FP5,PCIe_ 3.0,15W,12-25W,95¡ãC,×î¸ß¿É´ï2400MT/s,,2,1200 MHz,Radeonþ Vega 6 Graphics,,,,,,,,,,,,,,,,,,,,,,,,,,,,,,,,,,,,,,,,,,,,,,,,,,,,,,,,,,,,,,,,,,,,,,,,,,,,,,,,,,,,,,,,,,,,,,,,,,,,,,,,,,,,,,,,,,,,,,,,,,,,,,,,,,,,,,,,,,,,,,,,,,,,,,,,,,,,,,,,,,,,,,,,,,,,,,,,,,,,,,,,,,,,,,,,,,,,,,,,,,,,,,,,,,,,,,,,,,,,,,,
27,AMD Ryzenþ 9 4900H,,,,8,16,8,3.3GHz,×î¸ß¿É´ï4.4GHz,,4MB(Õ×),8MB(Õ×),·ñ,TSMC 7nm FinFET,FP6,PCIe_ 3.0,35-54W,,105¡ãC,,"DDR4 - Up to 3200 MT/s, LPDDR4 - Up to 4266 MT/s",,1750 MHz,AMD Radeonþ Graphics,,,,,,,,,,,,,,,,,,,,,,,,,,,,,,,,,,,,,,,,,,,,,,,,,,,,,,,,,,,,,,,,,,,,,,,,,,,,,,,,,,,,,,,,,,,,,,,,,,,,,,,,,,,,,,,,,,,,,,,,,,,,,,,,,,,,,,,,,,,,,,,,,,,,,,,,,,,,,,,,,,,,,,,,,,,,,,,,,,,,,,,,,,,,,,,,,,,,,,,,,,,,,,,,,,,,,,,,,,,,,,,
28,AMD Ryzenþ 9 4900HS,,,,8,16,8,3.0GHz,×î¸ß¿É´ï4.3GHz,,4MB(Õ×),8MB(Õ×),·ñ,TSMC 7nm FinFET,FP6,PCIe_ 3.0,35W,,105¡ãC,,"DDR4 - Up to 3200 MT/s, LPDDR4 - Up to 4266 MT/s",,1750 MHz,AMD Radeonþ Graphics,,,,,,,,,,,,,,,,,,,,,,,,,,,,,,,,,,,,,,,,,,,,,,,,,,,,,,,,,,,,,,,,,,,,,,,,,,,,,,,,,,,,,,,,,,,,,,,,,,,,,,,,,,,,,,,,,,,,,,,,,,,,,,,,,,,,,,,,,,,,,,,,,,,,,,,,,,,,,,,,,,,,,,,,,,,,,,,,,,,,,,,,,,,,,,,,,,,,,,,,,,,,,,,,,,,,,,,,,,,,,,,
29,AMD Ryzenþ 7 4800HS,,,,8,16,7,2.9GHz,×î¸ß¿É´ï4.2GHz,,4MB(Õ×),8MB(Õ×),,TSMC 7nm FinFET,FP6,PCIe_ 3.0,45W,35-54W,105¡ãC,,"DDR4 - Up to 3200 MT/s, LPDDR4 - Up to 4266 MT/s",,1600 MHz,AMD Radeonþ Graphics,,,,,,,,,,,,,,,,,,,,,,,,,,,,,,,,,,,,,,,,,,,,,,,,,,,,,,,,,,,,,,,,,,,,,,,,,,,,,,,,,,,,,,,,,,,,,,,,,,,,,,,,,,,,,,,,,,,,,,,,,,,,,,,,,,,,,,,,,,,,,,,,,,,,,,,,,,,,,,,,,,,,,,,,,,,,,,,,,,,,,,,,,,,,,,,,,,,,,,,,,,,,,,,,,,,,,,,,,,,,,,,
30,AMD Ryzenþ 7 4800H,100-000000098,,,8,16,7,2.9GHz,×î¸ß¿É´ï4.2GHz,,4MB(Õ×),8MB(Õ×),,TSMC 7nm FinFET,FP6,PCIe_ 3.0,45W,35-54W,105¡ãC,,"DDR4 - Up to 3200 MT/s, LPDDR4 - Up to 4266 MT/s",,1600 MHz,AMD Radeonþ Graphics,,,,,,,,,,,,,,,,,,,,,,,,,,,,,,,,,,,,,,,,,,,,,,,,,,,,,,,,,,,,,,,,,,,,,,,,,,,,,,,,,,,,,,,,,,,,,,,,,,,,,,,,,,,,,,,,,,,,,,,,,,,,,,,,,,,,,,,,,,,,,,,,,,,,,,,,,,,,,,,,,,,,,,,,,,,,,,,,,,,,,,,,,,,,,,,,,,,,,,,,,,,,,,,,,,,,,,,,,,,,,,,
31,AMD Ryzenþ 5 4600H,100-000000100,,,6,12,6,3.0GHz,×î¸ß¿É´ï4.0GHz,,3MB(Õ×),8MB(Õ×),,TSMC 7nm FinFET,FP6,PCIe_ 3.0,45W,35-54W,105¡ãC,,"DDR4 - Up to 3200 MT/s, LPDDR4 - Up to 4266 MT/s",,1500 MHz,AMD Radeonþ Graphics,,,,,,,,,,,,,,,,,,,,,,,,,,,,,,,,,,,,,,,,,,,,,,,,,,,,,,,,,,,,,,,,,,,,,,,,,,,,,,,,,,,,,,,,,,,,,,,,,,,,,,,,,,,,,,,,,,,,,,,,,,,,,,,,,,,,,,,,,,,,,,,,,,,,,,,,,,,,,,,,,,,,,,,,,,,,,,,,,,,,,,,,,,,,,,,,,,,,,,,,,,,,,,,,,,,,,,,,,,,,,,,
32,AMD Ryzenþ 7 4800U,100-000000082,,,8,16,8,1.8GHz,×î¸ß¿É´ï4.2GHz,,4MB(Õ×),8MB(Õ×),,TSMC 7nm FinFET,FP6,PCIe_ 3.0,15W,10-25W,105¡ãC,,"DDR4 - Up to 3200 MT/s, LPDDR4 - Up to 4266 MT/s",,1750 MHz,AMD Radeonþ Graphics,,,,,,,,,,,,,,,,,,,,,,,,,,,,,,,,,,,,,,,,,,,,,,,,,,,,,,,,,,,,,,,,,,,,,,,,,,,,,,,,,,,,,,,,,,,,,,,,,,,,,,,,,,,,,,,,,,,,,,,,,,,,,,,,,,,,,,,,,,,,,,,,,,,,,,,,,,,,,,,,,,,,,,,,,,,,,,,,,,,,,,,,,,,,,,,,,,,,,,,,,,,,,,,,,,,,,,,,,,,,,,,
33,AMD Ryzenþ 7 4700U,100-000000083,,,8,8,7,2.0GHz,×î¸ß¿É´ï4.1GHz,,4MB(Õ×),8MB(Õ×),,TSMC 7nm FinFET,FP6,PCIe_ 3.0,15W,10-25W,105¡ãC,,"DDR4 - Up to 3200 MT/s, LPDDR4 - Up to 4266 MT/s",,1600 MHz,AMD Radeonþ Graphics,,,,,,,,,,,,,,,,,,,,,,,,,,,,,,,,,,,,,,,,,,,,,,,,,,,,,,,,,,,,,,,,,,,,,,,,,,,,,,,,,,,,,,,,,,,,,,,,,,,,,,,,,,,,,,,,,,,,,,,,,,,,,,,,,,,,,,,,,,,,,,,,,,,,,,,,,,,,,,,,,,,,,,,,,,,,,,,,,,,,,,,,,,,,,,,,,,,,,,,,,,,,,,,,,,,,,,,,,,,,,,,
34,AMD Ryzenþ 5 4600U,100-000000105,,,6,12,6,2.1GHz,×î¸ß¿É´ï4.0GHz,,3MB(Õ×),8MB(Õ×),,TSMC 7nm FinFET,FP6,PCIe_ 3.0,15W,10-25W,105¡ãC,,"DDR4 - Up to 3200 MT/s, LPDDR4 - Up to 4266 MT/s",,1500 MHz,AMD Radeonþ Graphics,,,,,,,,,,,,,,,,,,,,,,,,,,,,,,,,,,,,,,,,,,,,,,,,,,,,,,,,,,,,,,,,,,,,,,,,,,,,,,,,,,,,,,,,,,,,,,,,,,,,,,,,,,,,,,,,,,,,,,,,,,,,,,,,,,,,,,,,,,,,,,,,,,,,,,,,,,,,,,,,,,,,,,,,,,,,,,,,,,,,,,,,,,,,,,,,,,,,,,,,,,,,,,,,,,,,,,,,,,,,,,,
35,AMD Ryzenþ 5 4500U,100-000000084,,,6,6,6,2.3GHz,×î¸ß¿É´ï4.0GHz,,3MB(Õ×),8MB(Õ×),,TSMC 7nm FinFET,FP6,PCIe_ 3.0,15W,10-25W,105¡ãC,,"DDR4 - Up to 3200 MT/s, LPDDR4 - Up to 4266 MT/s",,1500 MHz,AMD Radeonþ Graphics,,,,,,,,,,,,,,,,,,,,,,,,,,,,,,,,,,,,,,,,,,,,,,,,,,,,,,,,,,,,,,,,,,,,,,,,,,,,,,,,,,,,,,,,,,,,,,,,,,,,,,,,,,,,,,,,,,,,,,,,,,,,,,,,,,,,,,,,,,,,,,,,,,,,,,,,,,,,,,,,,,,,,,,,,,,,,,,,,,,,,,,,,,,,,,,,,,,,,,,,,,,,,,,,,,,,,,,,,,,,,,,
36,AMD Ryzenþ 3 4300U,100-000000085,,,4,4,5,2.7GHz,×î¸ß¿É´ï3.7GHz,,2MB(Õ×),4MB(Õ×),,TSMC 7nm FinFET,FP6,PCIe_ 3.0,15W,10-25W,105¡ãC,,"DDR4 - Up to 3200 MT/s, LPDDR4 - Up to 4266 MT/s",,1400 MHz,AMD Radeonþ Graphics,,,,,,,,,,,,,,,,,,,,,,,,,,,,,,,,,,,,,,,,,,,,,,,,,,,,,,,,,,,,,,,,,,,,,,,,,,,,,,,,,,,,,,,,,,,,,,,,,,,,,,,,,,,,,,,,,,,,,,,,,,,,,,,,,,,,,,,,,,,,,,,,,,,,,,,,,,,,,,,,,,,,,,,,,,,,,,,,,,,,,,,,,,,,,,,,,,,,,,,,,,,,,,,,,,,,,,,,,,,,,,,
37,AMD Ryzenþ 7 4980U Microsoft Surface_ Edition,,,,8,16,8,2.0GHz,×î¸ß¿É´ï4.4GHz,512KB,4MB(Õ×),8MB(Õ×),·ñ,TSMC 7nm FinFET,FP6,PCIe_ 3.0,15W,10-25W,105¡ãC,×î¸ß¿É´ï4267MT/s,LPDDR4,2,1950 MHz,Radeonþ  Graphics,,,,,,,,,,,,,,,,,,,,,,,,,,,,,,,,,,,,,,,,,,,,,,,,,,,,,,,,,,,,,,,,,,,,,,,,,,,,,,,,,,,,,,,,,,,,,,,,,,,,,,,,,,,,,,,,,,,,,,,,,,,,,,,,,,,,,,,,,,,,,,,,,,,,,,,,,,,,,,,,,,,,,,,,,,,,,,,,,,,,,,,,,,,,,,,,,,,,,,,,,,,,,,,,,,,,,,,,,,,,,,,
38,AMD Ryzenþ 5 4680U Microsoft Surface_ Edition,,,,6,12,7,2.2GHz,×î¸ß¿É´ï4.0GHz,384KB,3MB(Õ×),8MB(Õ×),·ñ,TSMC 7nm FinFET,FP6,PCIe_ 3.0,15W,10-25W,105¡ãC,×î¸ß¿É´ï4267MT/s,LPDDR4,2,1500 MHz,Radeonþ  Graphics,,,,,,,,,,,,,,,,,,,,,,,,,,,,,,,,,,,,,,,,,,,,,,,,,,,,,,,,,,,,,,,,,,,,,,,,,,,,,,,,,,,,,,,,,,,,,,,,,,,,,,,,,,,,,,,,,,,,,,,,,,,,,,,,,,,,,,,,,,,,,,,,,,,,,,,,,,,,,,,,,,,,,,,,,,,,,,,,,,,,,,,,,,,,,,,,,,,,,,,,,,,,,,,,,,,,,,,,,,,,,,,
39,AMD Ryzenþ 7 PRO 4750U,100-000000101,,,8,16,7,1.7GHz,×î¸ß¿É´ï4.1GHz,,4MB(Õ×),8MB(Õ×),·ñ,TSMC 7nm FinFET,FP6,PCIe_ 3.0,15W,,105¡ãC,,"DDR4 - Up to 3200 MT/s, LPDDR4 - Up to 4266 MT/s",,1600 MHz,AMD Radeonþ Graphics,,,,,,,,,,,,,,,,,,,,,,,,,,,,,,,,,,,,,,,,,,,,,,,,,,,,,,,,,,,,,,,,,,,,,,,,,,,,,,,,,,,,,,,,,,,,,,,,,,,,,,,,,,,,,,,,,,,,,,,,,,,,,,,,,,,,,,,,,,,,,,,,,,,,,,,,,,,,,,,,,,,,,,,,,,,,,,,,,,,,,,,,,,,,,,,,,,,,,,,,,,,,,,,,,,,,,,,,,,,,,,,
40,AMD Ryzenþ 5 PRO 4650U,100-000000103,,,6,12,6,2.1GHz,×î¸ß¿É´ï4.0GHz,,3MB(Õ×),8MB(Õ×),·ñ,TSMC 7nm FinFET,FP6,PCIe_ 3.0,15W,,105¡ãC,,"DDR4 - Up to 3200 MT/s, LPDDR4 - Up to 4266 MT/s",,1500 MHz,AMD Radeonþ Graphics,,,,,,,,,,,,,,,,,,,,,,,,,,,,,,,,,,,,,,,,,,,,,,,,,,,,,,,,,,,,,,,,,,,,,,,,,,,,,,,,,,,,,,,,,,,,,,,,,,,,,,,,,,,,,,,,,,,,,,,,,,,,,,,,,,,,,,,,,,,,,,,,,,,,,,,,,,,,,,,,,,,,,,,,,,,,,,,,,,,,,,,,,,,,,,,,,,,,,,,,,,,,,,,,,,,,,,,,,,,,,,,
41,AMD Ryzenþ 3 PRO 4450U,100-000000104,,,4,8,5,2.5GHz,×î¸ß¿É´ï3.7GHz,,2MB(Õ×),4MB(Õ×),·ñ,TSMC 7nm FinFET,FP6,PCIe_ 3.0,15W,,105¡ãC,,"DDR4 - Up to 3200 MT/s, LPDDR4 - Up to 4266 MT/s",,1400 MHz,AMD Radeonþ Graphics,,,,,,,,,,,,,,,,,,,,,,,,,,,,,,,,,,,,,,,,,,,,,,,,,,,,,,,,,,,,,,,,,,,,,,,,,,,,,,,,,,,,,,,,,,,,,,,,,,,,,,,,,,,,,,,,,,,,,,,,,,,,,,,,,,,,,,,,,,,,,,,,,,,,,,,,,,,,,,,,,,,,,,,,,,,,,,,,,,,,,,,,,,,,,,,,,,,,,,,,,,,,,,,,,,,,,,,,,,,,,,,
42,AMD Ryzenþ 9 5980HX,100-000000474,,,8,16,8,3.3GHz,×î¸ß¿É´ï4.8GHz,,4MB(Õ×),16MB(Õ×),,TSMC 7nm FinFET,FP6,PCIe_ 3.0,45+W,35-54W,105¡ãC,,"DDR4 - Up to 3200 MT/s, LPDDR4 - Up to 4266 MT/s",,2100 MHz,AMD Radeonþ Graphics,,,,,,,,,,,,,,,,,,,,,,,,,,,,,,,,,,,,,,,,,,,,,,,,,,,,,,,,,,,,,,,,,,,,,,,,,,,,,,,,,,,,,,,,,,,,,,,,,,,,,,,,,,,,,,,,,,,,,,,,,,,,,,,,,,,,,,,,,,,,,,,,,,,,,,,,,,,,,,,,,,,,,,,,,,,,,,,,,,,,,,,,,,,,,,,,,,,,,,,,,,,,,,,,,,,,,,,,,,,,,,,
43,AMD Ryzenþ 9 5980HS,100-000000474,,,8,16,8,3.0GHz,×î¸ß¿É´ï4.8GHz,,4MB(Õ×),16MB(Õ×),,TSMC 7nm FinFET,FP6,PCIe_ 3.0,35W,,105¡ãC,,"DDR4 - Up to 3200 MT/s, LPDDR4 - Up to 4266 MT/s",,2100 MHz,AMD Radeonþ Graphics,,,,,,,,,,,,,,,,,,,,,,,,,,,,,,,,,,,,,,,,,,,,,,,,,,,,,,,,,,,,,,,,,,,,,,,,,,,,,,,,,,,,,,,,,,,,,,,,,,,,,,,,,,,,,,,,,,,,,,,,,,,,,,,,,,,,,,,,,,,,,,,,,,,,,,,,,,,,,,,,,,,,,,,,,,,,,,,,,,,,,,,,,,,,,,,,,,,,,,,,,,,,,,,,,,,,,,,,,,,,,,,
44,AMD Ryzenþ 7 5825U,100-000000580,,,8,16,8,2.0GHz,×î¸ß¿É´ï4.5GHz,512KB,4MB(Õ×),16MB(Õ×),·ñ,TSMC 7nm FinFET,FP6,PCIe_ 3.0,15W,,95¡ãC,,DDR4,2,2000 MHz,AMD Radeonþ Graphics,,,,,,,,,,,,,,,,,,,,,,,,,,,,,,,,,,,,,,,,,,,,,,,,,,,,,,,,,,,,,,,,,,,,,,,,,,,,,,,,,,,,,,,,,,,,,,,,,,,,,,,,,,,,,,,,,,,,,,,,,,,,,,,,,,,,,,,,,,,,,,,,,,,,,,,,,,,,,,,,,,,,,,,,,,,,,,,,,,,,,,,,,,,,,,,,,,,,,,,,,,,,,,,,,,,,,,,,,,,,,,,
45,AMD Ryzenþ 9 5900HX,100-000000300,,,8,16,8,3.3GHz,×î¸ß¿É´ï4.6GHz,,4MB(Õ×),16MB(Õ×),,TSMC 7nm FinFET,FP6,PCIe_ 3.0,45+W,35-54W,105¡ãC,,"DDR4 - Up to 3200 MT/s, LPDDR4 - Up to 4266 MT/s",,2100 MHz,AMD Radeonþ Graphics,,,,,,,,,,,,,,,,,,,,,,,,,,,,,,,,,,,,,,,,,,,,,,,,,,,,,,,,,,,,,,,,,,,,,,,,,,,,,,,,,,,,,,,,,,,,,,,,,,,,,,,,,,,,,,,,,,,,,,,,,,,,,,,,,,,,,,,,,,,,,,,,,,,,,,,,,,,,,,,,,,,,,,,,,,,,,,,,,,,,,,,,,,,,,,,,,,,,,,,,,,,,,,,,,,,,,,,,,,,,,,,
46,AMD Ryzenþ 9 5900HS,100-000000300,,,8,16,,3.0GHz,×î¸ß¿É´ï4.6GHz,8KB,4MB(Õ×),16MB(Õ×),,TSMC 7nm FinFET,FP6,PCIe_ 3.0,35W,,105¡ãC,,"DDR4 - Up to 3200 MT/s, LPDDR4 - Up to 4266 MT/s",,2100 MHz,AMD Radeonþ Graphics,,,,,,,,,,,,,,,,,,,,,,,,,,,,,,,,,,,,,,,,,,,,,,,,,,,,,,,,,,,,,,,,,,,,,,,,,,,,,,,,,,,,,,,,,,,,,,,,,,,,,,,,,,,,,,,,,,,,,,,,,,,,,,,,,,,,,,,,,,,,,,,,,,,,,,,,,,,,,,,,,,,,,,,,,,,,,,,,,,,,,,,,,,,,,,,,,,,,,,,,,,,,,,,,,,,,,,,,,,,,,,,
47,AMD Ryzenþ 7 5825C,,,,8,16,8,2.0GHz,×î¸ß¿É´ï4.5GHz,512KB,4MB(Õ×),16MB(Õ×),·ñ,TSMC 7nm FinFET,FP6,PCIe_ 3.0,15W,,95¡ãC,,DDR4,2,,AMD Radeonþ Graphics,,,,,,,,,,,,,,,,,,,,,,,,,,,,,,,,,,,,,,,,,,,,,,,,,,,,,,,,,,,,,,,,,,,,,,,,,,,,,,,,,,,,,,,,,,,,,,,,,,,,,,,,,,,,,,,,,,,,,,,,,,,,,,,,,,,,,,,,,,,,,,,,,,,,,,,,,,,,,,,,,,,,,,,,,,,,,,,,,,,,,,,,,,,,,,,,,,,,,,,,,,,,,,,,,,,,,,,,,,,,,,,
48,AMD Ryzenþ 7 5800H,100-000000295,,,8,16,8,3.2GHz,×î¸ß¿É´ï4.4GHz,,4MB(Õ×),16MB(Õ×),,TSMC 7nm FinFET,FP6,PCIe_ 3.0,45W,35-54W,105¡ãC,,"DDR4 - Up to 3200 MT/s, LPDDR4 - Up to 4266 MT/s",,2000 MHz,AMD Radeonþ Graphics,,,,,,,,,,,,,,,,,,,,,,,,,,,,,,,,,,,,,,,,,,,,,,,,,,,,,,,,,,,,,,,,,,,,,,,,,,,,,,,,,,,,,,,,,,,,,,,,,,,,,,,,,,,,,,,,,,,,,,,,,,,,,,,,,,,,,,,,,,,,,,,,,,,,,,,,,,,,,,,,,,,,,,,,,,,,,,,,,,,,,,,,,,,,,,,,,,,,,,,,,,,,,,,,,,,,,,,,,,,,,,,
49,AMD Ryzenþ 5 5625U,100-000000583,,,6,12,7,2.3GHz,×î¸ß¿É´ï4.3GHz,384KB,3MB(Õ×),16MB(Õ×),·ñ,TSMC 7nm FinFET,FP6,PCIe_ 3.0,15W,,95¡ãC,,DDR4,2,1800 MHz,AMD Radeonþ Graphics,,,,,,,,,,,,,,,,,,,,,,,,,,,,,,,,,,,,,,,,,,,,,,,,,,,,,,,,,,,,,,,,,,,,,,,,,,,,,,,,,,,,,,,,,,,,,,,,,,,,,,,,,,,,,,,,,,,,,,,,,,,,,,,,,,,,,,,,,,,,,,,,,,,,,,,,,,,,,,,,,,,,,,,,,,,,,,,,,,,,,,,,,,,,,,,,,,,,,,,,,,,,,,,,,,,,,,,,,,,,,,,
50,AMD Ryzenþ 7 5800HS,100-000000295,,,8,16,8,2.8GHz,×î¸ß¿É´ï4.4GHz,,4MB(Õ×),16MB(Õ×),,TSMC 7nm FinFET,FP6,PCIe_ 3.0,35W,,105¡ãC,,"DDR4 - Up to 3200 MT/s, LPDDR4 - Up to 4266 MT/s",,2000 MHz,AMD Radeonþ Graphics,,,,,,,,,,,,,,,,,,,,,,,,,,,,,,,,,,,,,,,,,,,,,,,,,,,,,,,,,,,,,,,,,,,,,,,,,,,,,,,,,,,,,,,,,,,,,,,,,,,,,,,,,,,,,,,,,,,,,,,,,,,,,,,,,,,,,,,,,,,,,,,,,,,,,,,,,,,,,,,,,,,,,,,,,,,,,,,,,,,,,,,,,,,,,,,,,,,,,,,,,,,,,,,,,,,,,,,,,,,,,,,
51,AMD Ryzenþ 5 5625C,,,,6,12,7,2.3GHz,×î¸ß¿É´ï4.3GHz,384KB,3MB(Õ×),16MB(Õ×),·ñ,TSMC 7nm FinFET,FP6,PCIe_ 3.0,15W,,95¡ãC,,DDR4,2,,AMD Radeonþ Graphics,,,,,,,,,,,,,,,,,,,,,,,,,,,,,,,,,,,,,,,,,,,,,,,,,,,,,,,,,,,,,,,,,,,,,,,,,,,,,,,,,,,,,,,,,,,,,,,,,,,,,,,,,,,,,,,,,,,,,,,,,,,,,,,,,,,,,,,,,,,,,,,,,,,,,,,,,,,,,,,,,,,,,,,,,,,,,,,,,,,,,,,,,,,,,,,,,,,,,,,,,,,,,,,,,,,,,,,,,,,,,,,
52,AMD Ryzenþ 5 5600H,100-000000296,,,6,12,7,3.3GHz,×î¸ß¿É´ï4.2GHz,,3MB(Õ×),16MB(Õ×),,TSMC 7nm FinFET,FP6,PCIe_ 3.0,45W,35-54W,105¡ãC,,"DDR4 - Up to 3200 MT/s, LPDDR4 - Up to 4266 MT/s",,1800 MHz,AMD Radeonþ Graphics,,,,,,,,,,,,,,,,,,,,,,,,,,,,,,,,,,,,,,,,,,,,,,,,,,,,,,,,,,,,,,,,,,,,,,,,,,,,,,,,,,,,,,,,,,,,,,,,,,,,,,,,,,,,,,,,,,,,,,,,,,,,,,,,,,,,,,,,,,,,,,,,,,,,,,,,,,,,,,,,,,,,,,,,,,,,,,,,,,,,,,,,,,,,,,,,,,,,,,,,,,,,,,,,,,,,,,,,,,,,,,,
53,AMD Ryzenþ 5 5500H,100-000001389,,,4,8,6,3.3GHz,×î¸ß¿É´ï4.2GHz,,2MB(Õ×),8MB(Õ×),,TSMC 7nm FinFET,FP6,PCIe_ 3.0,45W,35-54W,105¡ãC,,"DDR4 - Up to 3200 MT/s, LPDDR4 - Up to 4266 MT/s",,1800 MHz,AMD Radeonþ Graphics,,,,,,,,,,,,,,,,,,,,,,,,,,,,,,,,,,,,,,,,,,,,,,,,,,,,,,,,,,,,,,,,,,,,,,,,,,,,,,,,,,,,,,,,,,,,,,,,,,,,,,,,,,,,,,,,,,,,,,,,,,,,,,,,,,,,,,,,,,,,,,,,,,,,,,,,,,,,,,,,,,,,,,,,,,,,,,,,,,,,,,,,,,,,,,,,,,,,,,,,,,,,,,,,,,,,,,,,,,,,,,,
54,AMD Ryzenþ 5 5600HS,100-000000296,,,6,12,7,3.0GHz,×î¸ß¿É´ï4.2GHz,,3MB(Õ×),16MB(Õ×),,TSMC 7nm FinFET,FP6,PCIe_ 3.0,35W,,105¡ãC,,"DDR4 - Up to 3200 MT/s, LPDDR4 - Up to 4266 MT/s",,1800 MHz,AMD Radeonþ Graphics,,,,,,,,,,,,,,,,,,,,,,,,,,,,,,,,,,,,,,,,,,,,,,,,,,,,,,,,,,,,,,,,,,,,,,,,,,,,,,,,,,,,,,,,,,,,,,,,,,,,,,,,,,,,,,,,,,,,,,,,,,,,,,,,,,,,,,,,,,,,,,,,,,,,,,,,,,,,,,,,,,,,,,,,,,,,,,,,,,,,,,,,,,,,,,,,,,,,,,,,,,,,,,,,,,,,,,,,,,,,,,,
55,AMD Ryzenþ 7 5800U,100-000000285,,,8,16,8,1.9GHz,×î¸ß¿É´ï4.4GHz,,4MB(Õ×),16MB(Õ×),,TSMC 7nm FinFET,FP6,PCIe_ 3.0,15W,10-25W,105¡ãC,,"DDR4 - Up to 3200 MT/s, LPDDR4 - Up to 4266 MT/s",,2000 MHz,AMD Radeonþ Graphics,,,,,,,,,,,,,,,,,,,,,,,,,,,,,,,,,,,,,,,,,,,,,,,,,,,,,,,,,,,,,,,,,,,,,,,,,,,,,,,,,,,,,,,,,,,,,,,,,,,,,,,,,,,,,,,,,,,,,,,,,,,,,,,,,,,,,,,,,,,,,,,,,,,,,,,,,,,,,,,,,,,,,,,,,,,,,,,,,,,,,,,,,,,,,,,,,,,,,,,,,,,,,,,,,,,,,,,,,,,,,,,
56,AMD Ryzenþ 7 5700U,100-000000371,,,8,16,8,1.8GHz,×î¸ß¿É´ï4.3GHz,,4MB(Õ×),8MB(Õ×),,TSMC 7nm FinFET,FP6,PCIe_ 3.0,15W,10-25W,105¡ãC,,"DDR4 - Up to 3200 MT/s, LPDDR4 - Up to 4266 MT/s",,1900 MHz,AMD Radeonþ Graphics,,,,,,,,,,,,,,,,,,,,,,,,,,,,,,,,,,,,,,,,,,,,,,,,,,,,,,,,,,,,,,,,,,,,,,,,,,,,,,,,,,,,,,,,,,,,,,,,,,,,,,,,,,,,,,,,,,,,,,,,,,,,,,,,,,,,,,,,,,,,,,,,,,,,,,,,,,,,,,,,,,,,,,,,,,,,,,,,,,,,,,,,,,,,,,,,,,,,,,,,,,,,,,,,,,,,,,,,,,,,,,,
57,AMD Ryzenþ 5 5600U,100-000000287,,,6,12,7,2.3GHz,×î¸ß¿É´ï4.2GHz,,3MB(Õ×),16MB(Õ×),,TSMC 7nm FinFET,FP6,PCIe_ 3.0,15W,10-25W,105¡ãC,,"DDR4 - Up to 3200 MT/s, LPDDR4 - Up to 4266 MT/s",,1800 MHz,AMD Radeonþ Graphics,,,,,,,,,,,,,,,,,,,,,,,,,,,,,,,,,,,,,,,,,,,,,,,,,,,,,,,,,,,,,,,,,,,,,,,,,,,,,,,,,,,,,,,,,,,,,,,,,,,,,,,,,,,,,,,,,,,,,,,,,,,,,,,,,,,,,,,,,,,,,,,,,,,,,,,,,,,,,,,,,,,,,,,,,,,,,,,,,,,,,,,,,,,,,,,,,,,,,,,,,,,,,,,,,,,,,,,,,,,,,,,
58,AMD Ryzenþ 3 5425U,100-000000586,,,4,8,6,2.7GHz,×î¸ß¿É´ï4.1GHz,256KB,2MB(Õ×),8MB(Õ×),·ñ,TSMC 7nm FinFET,FP6,PCIe_ 3.0,15W,,95¡ãC,,DDR4,2,1600 MHz,AMD Radeonþ Graphics,,,,,,,,,,,,,,,,,,,,,,,,,,,,,,,,,,,,,,,,,,,,,,,,,,,,,,,,,,,,,,,,,,,,,,,,,,,,,,,,,,,,,,,,,,,,,,,,,,,,,,,,,,,,,,,,,,,,,,,,,,,,,,,,,,,,,,,,,,,,,,,,,,,,,,,,,,,,,,,,,,,,,,,,,,,,,,,,,,,,,,,,,,,,,,,,,,,,,,,,,,,,,,,,,,,,,,,,,,,,,,,
59,AMD Ryzenþ 5 5560U,,,,6,12,6,2.3GHz,×î¸ß¿É´ï4.0GHz,384KB,3MB(Õ×),8MB(Õ×),·ñ,TSMC 7nm FinFET,FP6,PCIe_ 3.0,15W,10-25W,105¡ãC,,"DDR4, LPDDR4X",2,1600 MHz,AMD Radeonþ  Graphics,,,,,,,,,,,,,,,,,,,,,,,,,,,,,,,,,,,,,,,,,,,,,,,,,,,,,,,,,,,,,,,,,,,,,,,,,,,,,,,,,,,,,,,,,,,,,,,,,,,,,,,,,,,,,,,,,,,,,,,,,,,,,,,,,,,,,,,,,,,,,,,,,,,,,,,,,,,,,,,,,,,,,,,,,,,,,,,,,,,,,,,,,,,,,,,,,,,,,,,,,,,,,,,,,,,,,,,,,,,,,,,
60,AMD Ryzenþ 5 5500U,100-000000375,,,6,12,7,2.1GHz,×î¸ß¿É´ï4.0GHz,,3MB(Õ×),8MB(Õ×),,TSMC 7nm FinFET,FP6,PCIe_ 3.0,15W,10-25W,105¡ãC,,"DDR4 - Up to 3200 MT/s, LPDDR4 - Up to 4266 MT/s",,1800 MHz,AMD Radeonþ Graphics,,,,,,,,,,,,,,,,,,,,,,,,,,,,,,,,,,,,,,,,,,,,,,,,,,,,,,,,,,,,,,,,,,,,,,,,,,,,,,,,,,,,,,,,,,,,,,,,,,,,,,,,,,,,,,,,,,,,,,,,,,,,,,,,,,,,,,,,,,,,,,,,,,,,,,,,,,,,,,,,,,,,,,,,,,,,,,,,,,,,,,,,,,,,,,,,,,,,,,,,,,,,,,,,,,,,,,,,,,,,,,,
61,AMD Ryzenþ 3 5425C,,,,4,8,6,2.7GHz,×î¸ß¿É´ï4.1GHz,256KB,2MB(Õ×),8MB(Õ×),·ñ,TSMC 7nm FinFET,FP6,PCIe_ 3.0,15W,,95¡ãC,,DDR4,2,,AMD Radeonþ Graphics,,,,,,,,,,,,,,,,,,,,,,,,,,,,,,,,,,,,,,,,,,,,,,,,,,,,,,,,,,,,,,,,,,,,,,,,,,,,,,,,,,,,,,,,,,,,,,,,,,,,,,,,,,,,,,,,,,,,,,,,,,,,,,,,,,,,,,,,,,,,,,,,,,,,,,,,,,,,,,,,,,,,,,,,,,,,,,,,,,,,,,,,,,,,,,,,,,,,,,,,,,,,,,,,,,,,,,,,,,,,,,,
62,AMD Ryzenþ 3 5400U,100-000000288,,,4,8,6,2.6GHz,×î¸ß¿É´ï4.0GHz,,2MB(Õ×),8MB(Õ×),,TSMC 7nm FinFET,FP6,PCIe_ 3.0,15W,10-25W,105¡ãC,,"DDR4 - Up to 3200 MT/s, LPDDR4 - Up to 4266 MT/s",,1600 MHz,AMD Radeonþ Graphics,,,,,,,,,,,,,,,,,,,,,,,,,,,,,,,,,,,,,,,,,,,,,,,,,,,,,,,,,,,,,,,,,,,,,,,,,,,,,,,,,,,,,,,,,,,,,,,,,,,,,,,,,,,,,,,,,,,,,,,,,,,,,,,,,,,,,,,,,,,,,,,,,,,,,,,,,,,,,,,,,,,,,,,,,,,,,,,,,,,,,,,,,,,,,,,,,,,,,,,,,,,,,,,,,,,,,,,,,,,,,,,
63,AMD Ryzenþ 3 5300U,100-000000376,,,4,8,6,2.6GHz,×î¸ß¿É´ï3.8GHz,,2MB(Õ×),4MB(Õ×),,TSMC 7nm FinFET,FP6,PCIe_ 3.0,15W,10-25W,105¡ãC,,"DDR4 - Up to 3200 MT/s, LPDDR4 - Up to 4266 MT/s",,1500 MHz,AMD Radeonþ Graphics,,,,,,,,,,,,,,,,,,,,,,,,,,,,,,,,,,,,,,,,,,,,,,,,,,,,,,,,,,,,,,,,,,,,,,,,,,,,,,,,,,,,,,,,,,,,,,,,,,,,,,,,,,,,,,,,,,,,,,,,,,,,,,,,,,,,,,,,,,,,,,,,,,,,,,,,,,,,,,,,,,,,,,,,,,,,,,,,,,,,,,,,,,,,,,,,,,,,,,,,,,,,,,,,,,,,,,,,,,,,,,,
64,AMD Ryzenþ 3 5125C,,,,2,4,3,3.0GHz,×î¸ß¿É´ï3.0GHz,128KB,1MB(Õ×),8MB(Õ×),·ñ,TSMC 7nm FinFET,FP6,PCIe_ 3.0,15W,,95¡ãC,,DDR4,2,,AMD Radeonþ Graphics,,,,,,,,,,,,,,,,,,,,,,,,,,,,,,,,,,,,,,,,,,,,,,,,,,,,,,,,,,,,,,,,,,,,,,,,,,,,,,,,,,,,,,,,,,,,,,,,,,,,,,,,,,,,,,,,,,,,,,,,,,,,,,,,,,,,,,,,,,,,,,,,,,,,,,,,,,,,,,,,,,,,,,,,,,,,,,,,,,,,,,,,,,,,,,,,,,,,,,,,,,,,,,,,,,,,,,,,,,,,,,,
65,AMD Ryzenþ 7 PRO 5875U,100-000000581,,,8,16,8,2.0GHz,×î¸ß¿É´ï4.5GHz,512KB,4MB(Õ×),16MB(Õ×),·ñ,TSMC 7nm FinFET,FP6,PCIe_ 3.0,15W,,95¡ãC,,DDR4,2,2000 MHz,AMD Radeonþ Graphics,,,,,,,,,,,,,,,,,,,,,,,,,,,,,,,,,,,,,,,,,,,,,,,,,,,,,,,,,,,,,,,,,,,,,,,,,,,,,,,,,,,,,,,,,,,,,,,,,,,,,,,,,,,,,,,,,,,,,,,,,,,,,,,,,,,,,,,,,,,,,,,,,,,,,,,,,,,,,,,,,,,,,,,,,,,,,,,,,,,,,,,,,,,,,,,,,,,,,,,,,,,,,,,,,,,,,,,,,,,,,,,
66,AMD Ryzenþ 7 PRO 5850U,100-000000289,,,8,16,8,1.9GHz,×î¸ß¿É´ï4.4GHz,,4MB(Õ×),16MB(Õ×),·ñ,TSMC 7nm FinFET,FP6,PCIe_ 3.0,15W,,105¡ãC,×î¸ß¿É´ï3200MT/s / ×î¸ß¿É´ï4266MT/s,"DDR4, LPDDR4",,2000 MHz,AMD Radeonþ Graphics,,,,,,,,,,,,,,,,,,,,,,,,,,,,,,,,,,,,,,,,,,,,,,,,,,,,,,,,,,,,,,,,,,,,,,,,,,,,,,,,,,,,,,,,,,,,,,,,,,,,,,,,,,,,,,,,,,,,,,,,,,,,,,,,,,,,,,,,,,,,,,,,,,,,,,,,,,,,,,,,,,,,,,,,,,,,,,,,,,,,,,,,,,,,,,,,,,,,,,,,,,,,,,,,,,,,,,,,,,,,,,,
67,AMD Ryzenþ 5 PRO 5675U,100-000000584,,,6,12,7,2.3GHz,×î¸ß¿É´ï4.3GHz,384KB,3MB(Õ×),16MB(Õ×),·ñ,TSMC 7nm FinFET,FP6,PCIe_ 3.0,15W,,95¡ãC,,DDR4,2,1800 MHz,AMD Radeonþ Graphics,,,,,,,,,,,,,,,,,,,,,,,,,,,,,,,,,,,,,,,,,,,,,,,,,,,,,,,,,,,,,,,,,,,,,,,,,,,,,,,,,,,,,,,,,,,,,,,,,,,,,,,,,,,,,,,,,,,,,,,,,,,,,,,,,,,,,,,,,,,,,,,,,,,,,,,,,,,,,,,,,,,,,,,,,,,,,,,,,,,,,,,,,,,,,,,,,,,,,,,,,,,,,,,,,,,,,,,,,,,,,,,
68,AMD Ryzenþ 5 PRO 5650U,100-000000290,,,6,12,7,2.3GHz,×î¸ß¿É´ï4.2GHz,,3MB(Õ×),16MB(Õ×),·ñ,TSMC 7nm FinFET,FP6,PCIe_ 3.0,15W,,105¡ãC,×î¸ß¿É´ï3200MT/s / ×î¸ß¿É´ï4266MT/s,"DDR4, LPDDR4",,1800 MHz,AMD Radeonþ Graphics,,,,,,,,,,,,,,,,,,,,,,,,,,,,,,,,,,,,,,,,,,,,,,,,,,,,,,,,,,,,,,,,,,,,,,,,,,,,,,,,,,,,,,,,,,,,,,,,,,,,,,,,,,,,,,,,,,,,,,,,,,,,,,,,,,,,,,,,,,,,,,,,,,,,,,,,,,,,,,,,,,,,,,,,,,,,,,,,,,,,,,,,,,,,,,,,,,,,,,,,,,,,,,,,,,,,,,,,,,,,,,,
69,AMD Ryzenþ 3 PRO 5475U,100-000000587,,,4,8,6,2.7GHz,×î¸ß¿É´ï4.1GHz,256KB,2MB(Õ×),8MB(Õ×),·ñ,TSMC 7nm FinFET,FP6,PCIe_ 3.0,15W,,95¡ãC,,DDR4,2,1600 MHz,AMD Radeonþ Graphics,,,,,,,,,,,,,,,,,,,,,,,,,,,,,,,,,,,,,,,,,,,,,,,,,,,,,,,,,,,,,,,,,,,,,,,,,,,,,,,,,,,,,,,,,,,,,,,,,,,,,,,,,,,,,,,,,,,,,,,,,,,,,,,,,,,,,,,,,,,,,,,,,,,,,,,,,,,,,,,,,,,,,,,,,,,,,,,,,,,,,,,,,,,,,,,,,,,,,,,,,,,,,,,,,,,,,,,,,,,,,,,
70,AMD Ryzenþ 3 PRO 5450U,100-000000291,,,4,8,6,2.6GHz,×î¸ß¿É´ï4.0GHz,,2MB(Õ×),8MB(Õ×),·ñ,TSMC 7nm FinFET,FP6,PCIe_ 3.0,15W,,105¡ãC,×î¸ß¿É´ï3200MT/s / ×î¸ß¿É´ï4266MT/s,"DDR4, LPDDR4",,1600 MHz,AMD Radeonþ Graphics,,,,,,,,,,,,,,,,,,,,,,,,,,,,,,,,,,,,,,,,,,,,,,,,,,,,,,,,,,,,,,,,,,,,,,,,,,,,,,,,,,,,,,,,,,,,,,,,,,,,,,,,,,,,,,,,,,,,,,,,,,,,,,,,,,,,,,,,,,,,,,,,,,,,,,,,,,,,,,,,,,,,,,,,,,,,,,,,,,,,,,,,,,,,,,,,,,,,,,,,,,,,,,,,,,,,,,,,,,,,,,,
71,AMD Ryzenþ 9 6980HX,100-000000750,,100-000000751,8,16,12,3.3GHz,×î¸ß¿É´ï5.0GHz,512KB,4MB(Õ×),16MB(Õ×),ÊÇ,TSMC 6nm FinFET,FP7,PCIe_ 4.0,45W,,95¡ãC,DDR5,,2,2400 MHz,AMD Radeonþ 680M,,,,,,,,,,,,,,,,,,,,,,,,,,,,,,,,,,,,,,,,,,,,,,,,,,,,,,,,,,,,,,,,,,,,,,,,,,,,,,,,,,,,,,,,,,,,,,,,,,,,,,,,,,,,,,,,,,,,,,,,,,,,,,,,,,,,,,,,,,,,,,,,,,,,,,,,,,,,,,,,,,,,,,,,,,,,,,,,,,,,,,,,,,,,,,,,,,,,,,,,,,,,,,,,,,,,,,,,,,,,,,,
72,AMD Ryzenþ 9 6980HS,100-000000750,100-000000751,,8,16,12,3.3GHz,×î¸ß¿É´ï5.0GHz,512KB,4MB(Õ×),16MB(Õ×),·ñ,TSMC 6nm FinFET,FP7,PCIe_ 4.0,35W,,95¡ãC,DDR5,,2,2400 MHz,AMD Radeonþ 680M,,,,,,,,,,,,,,,,,,,,,,,,,,,,,,,,,,,,,,,,,,,,,,,,,,,,,,,,,,,,,,,,,,,,,,,,,,,,,,,,,,,,,,,,,,,,,,,,,,,,,,,,,,,,,,,,,,,,,,,,,,,,,,,,,,,,,,,,,,,,,,,,,,,,,,,,,,,,,,,,,,,,,,,,,,,,,,,,,,,,,,,,,,,,,,,,,,,,,,,,,,,,,,,,,,,,,,,,,,,,,,,
73,AMD Ryzenþ 9 6900HX,100-000000544,,100-000000560,8,16,12,3.3GHz,×î¸ß¿É´ï4.9GHz,512KB,4MB(Õ×),16MB(Õ×),ÊÇ,TSMC 6nm FinFET,FP7,PCIe_ 4.0,45W,,95¡ãC,DDR5,,2,2400 MHz,AMD Radeonþ 680M,,,,,,,,,,,,,,,,,,,,,,,,,,,,,,,,,,,,,,,,,,,,,,,,,,,,,,,,,,,,,,,,,,,,,,,,,,,,,,,,,,,,,,,,,,,,,,,,,,,,,,,,,,,,,,,,,,,,,,,,,,,,,,,,,,,,,,,,,,,,,,,,,,,,,,,,,,,,,,,,,,,,,,,,,,,,,,,,,,,,,,,,,,,,,,,,,,,,,,,,,,,,,,,,,,,,,,,,,,,,,,,
74,AMD Ryzenþ 9 6900HS_,100-000000544,100-000000560,,8,16,12,3.3GHz,×î¸ß¿É´ï4.9GHz,512KB,4MB(Õ×),16MB(Õ×),·ñ,TSMC 6nm FinFET,,PCIe_ 4.0,35W,,95¡ãC,DDR5,,2,2400 MHz,AMD Radeonþ 680M,,,,,,,,,,,,,,,,,,,,,,,,,,,,,,,,,,,,,,,,,,,,,,,,,,,,,,,,,,,,,,,,,,,,,,,,,,,,,,,,,,,,,,,,,,,,,,,,,,,,,,,,,,,,,,,,,,,,,,,,,,,,,,,,,,,,,,,,,,,,,,,,,,,,,,,,,,,,,,,,,,,,,,,,,,,,,,,,,,,,,,,,,,,,,,,,,,,,,,,,,,,,,,,,,,,,,,,,,,,,,,,
75,AMD Ryzenþ 7 6800H,100-000000545,,100-000000561,8,16,12,3.2GHz,×î¸ß¿É´ï4.7GHz,512KB,4MB(Õ×),16MB(Õ×),·ñ,TSMC 6nm FinFET,FP7,PCIe_ 4.0,45W,,95¡ãC,DDR5,,2,2200 MHz,AMD Radeonþ 680M,,,,,,,,,,,,,,,,,,,,,,,,,,,,,,,,,,,,,,,,,,,,,,,,,,,,,,,,,,,,,,,,,,,,,,,,,,,,,,,,,,,,,,,,,,,,,,,,,,,,,,,,,,,,,,,,,,,,,,,,,,,,,,,,,,,,,,,,,,,,,,,,,,,,,,,,,,,,,,,,,,,,,,,,,,,,,,,,,,,,,,,,,,,,,,,,,,,,,,,,,,,,,,,,,,,,,,,,,,,,,,,
76,AMD Ryzenþ 7 6800HS,100-000000545,,100-000000561,8,16,12,3.2GHz,×î¸ß¿É´ï4.7GHz,512KB,4MB(Õ×),16MB(Õ×),·ñ,TSMC 6nm FinFET,FP7,PCIe_ 4.0,35W,,95¡ãC,DDR5,,2,2200 MHz,AMD Radeonþ 680M,,,,,,,,,,,,,,,,,,,,,,,,,,,,,,,,,,,,,,,,,,,,,,,,,,,,,,,,,,,,,,,,,,,,,,,,,,,,,,,,,,,,,,,,,,,,,,,,,,,,,,,,,,,,,,,,,,,,,,,,,,,,,,,,,,,,,,,,,,,,,,,,,,,,,,,,,,,,,,,,,,,,,,,,,,,,,,,,,,,,,,,,,,,,,,,,,,,,,,,,,,,,,,,,,,,,,,,,,,,,,,,
77,AMD Ryzenþ 7 6800U_,100-000000534,,100-000000617,8,16,12,2.7GHz,×î¸ß¿É´ï4.7GHz,512KB,4MB(Õ×),16MB(Õ×),·ñ,TSMC 6nm FinFET,FP7,PCIe_ 4.0,,15-28W,95¡ãC,DDR5,,2,2200 MHz,AMD Radeonþ 680M,,,,,,,,,,,,,,,,,,,,,,,,,,,,,,,,,,,,,,,,,,,,,,,,,,,,,,,,,,,,,,,,,,,,,,,,,,,,,,,,,,,,,,,,,,,,,,,,,,,,,,,,,,,,,,,,,,,,,,,,,,,,,,,,,,,,,,,,,,,,,,,,,,,,,,,,,,,,,,,,,,,,,,,,,,,,,,,,,,,,,,,,,,,,,,,,,,,,,,,,,,,,,,,,,,,,,,,,,,,,,,,
78,AMD Ryzenþ 5 6600H,100-000000546,,100-000000562,6,12,6,3.3GHz,×î¸ß¿É´ï4.5GHz,384KB,3MB(Õ×),16MB(Õ×),·ñ,TSMC 6nm FinFET,FP7,PCIe_ 4.0,45W,,95¡ãC,DDR5,,2,1900 MHz,AMD Radeonþ 660M,,,,,,,,,,,,,,,,,,,,,,,,,,,,,,,,,,,,,,,,,,,,,,,,,,,,,,,,,,,,,,,,,,,,,,,,,,,,,,,,,,,,,,,,,,,,,,,,,,,,,,,,,,,,,,,,,,,,,,,,,,,,,,,,,,,,,,,,,,,,,,,,,,,,,,,,,,,,,,,,,,,,,,,,,,,,,,,,,,,,,,,,,,,,,,,,,,,,,,,,,,,,,,,,,,,,,,,,,,,,,,,
79,AMD Ryzenþ 5 6600HS_,100-000000546 ,,100-000000562,6,12,6,3.3GHz,×î¸ß¿É´ï4.5GHz,384KB,3MB(Õ×),16MB(Õ×),·ñ,TSMC 6nm FinFET,FP7,PCIe_ 4.0,35W,,95¡ãC,DDR5,,2,1900 MHz,AMD Radeonþ 660M,,,,,,,,,,,,,,,,,,,,,,,,,,,,,,,,,,,,,,,,,,,,,,,,,,,,,,,,,,,,,,,,,,,,,,,,,,,,,,,,,,,,,,,,,,,,,,,,,,,,,,,,,,,,,,,,,,,,,,,,,,,,,,,,,,,,,,,,,,,,,,,,,,,,,,,,,,,,,,,,,,,,,,,,,,,,,,,,,,,,,,,,,,,,,,,,,,,,,,,,,,,,,,,,,,,,,,,,,,,,,,,
80,AMD Ryzenþ 5 6600U,100-000000536,,100-000000548,6,12,6,2.9GHz,×î¸ß¿É´ï4.5GHz,384KB,3MB(Õ×),16MB(Õ×),·ñ,TSMC 6nm FinFET,FP7,PCIe_ 4.0,,15-28W,95¡ãC,DDR5,,2,1900 MHz,AMD Radeonþ 660M,,,,,,,,,,,,,,,,,,,,,,,,,,,,,,,,,,,,,,,,,,,,,,,,,,,,,,,,,,,,,,,,,,,,,,,,,,,,,,,,,,,,,,,,,,,,,,,,,,,,,,,,,,,,,,,,,,,,,,,,,,,,,,,,,,,,,,,,,,,,,,,,,,,,,,,,,,,,,,,,,,,,,,,,,,,,,,,,,,,,,,,,,,,,,,,,,,,,,,,,,,,,,,,,,,,,,,,,,,,,,,,
81,AMD Ryzenþ 9 PRO 6950H,100-000000541,100-000000563,,8,16,12,3.3GHz,×î¸ß¿É´ï4.9GHz,384KB,4MB(Õ×),16MB(Õ×),·ñ,TSMC 6nm FinFET,,PCIe_ 4.0,45W,,95¡ãC,DDR5,,2,2400 MHz,AMD Radeonþ 680M,,,,,,,,,,,,,,,,,,,,,,,,,,,,,,,,,,,,,,,,,,,,,,,,,,,,,,,,,,,,,,,,,,,,,,,,,,,,,,,,,,,,,,,,,,,,,,,,,,,,,,,,,,,,,,,,,,,,,,,,,,,,,,,,,,,,,,,,,,,,,,,,,,,,,,,,,,,,,,,,,,,,,,,,,,,,,,,,,,,,,,,,,,,,,,,,,,,,,,,,,,,,,,,,,,,,,,,,,,,,,,,
82,AMD Ryzenþ 7 PRO 6860Z,100-000000781,,,8,16,12,2.7GHz,×î¸ß¿É´ï4.75GHz,512KB,4MB(Õ×),16MB(Õ×),,TSMC 6nm FinFET,,PCIe_ 4.0,28W,15-28W,95¡ãC,DDR5,,2,2200 MHz,AMD Radeonþ 680M,,,,,,,,,,,,,,,,,,,,,,,,,,,,,,,,,,,,,,,,,,,,,,,,,,,,,,,,,,,,,,,,,,,,,,,,,,,,,,,,,,,,,,,,,,,,,,,,,,,,,,,,,,,,,,,,,,,,,,,,,,,,,,,,,,,,,,,,,,,,,,,,,,,,,,,,,,,,,,,,,,,,,,,,,,,,,,,,,,,,,,,,,,,,,,,,,,,,,,,,,,,,,,,,,,,,,,,,,,,,,,,
83,AMD Ryzenþ 9 PRO 6950HS,100-000000541,100-000000563,,8,16,12,3.3GHz,×î¸ß¿É´ï4.9GHz,512KB,4MB(Õ×),16MB(Õ×),·ñ,TSMC 6nm FinFET,,PCIe_ 4.0,35W,,94.99¡ãC,DDR5,,2,2400 MHz,AMD Radeonþ 680M,,,,,,,,,,,,,,,,,,,,,,,,,,,,,,,,,,,,,,,,,,,,,,,,,,,,,,,,,,,,,,,,,,,,,,,,,,,,,,,,,,,,,,,,,,,,,,,,,,,,,,,,,,,,,,,,,,,,,,,,,,,,,,,,,,,,,,,,,,,,,,,,,,,,,,,,,,,,,,,,,,,,,,,,,,,,,,,,,,,,,,,,,,,,,,,,,,,,,,,,,,,,,,,,,,,,,,,,,,,,,,,
84,AMD Ryzenþ 7 PRO 6850H,100-000000542,100-000000564,,8,16,12,3.2GHz,×î¸ß¿É´ï4.7GHz,512KB,4MB(Õ×),16MB(Õ×),·ñ,TSMC 6nm FinFET,,PCIe_ 4.0,45W,,95¡ãC,DDR5,,2,2200 MHz,AMD Radeonþ 680M,,,,,,,,,,,,,,,,,,,,,,,,,,,,,,,,,,,,,,,,,,,,,,,,,,,,,,,,,,,,,,,,,,,,,,,,,,,,,,,,,,,,,,,,,,,,,,,,,,,,,,,,,,,,,,,,,,,,,,,,,,,,,,,,,,,,,,,,,,,,,,,,,,,,,,,,,,,,,,,,,,,,,,,,,,,,,,,,,,,,,,,,,,,,,,,,,,,,,,,,,,,,,,,,,,,,,,,,,,,,,,,
85,AMD Ryzenþ 7 PRO 6850HS,100-000000542,100-000000564,,8,16,12,3.2GHz,×î¸ß¿É´ï4.7GHz,512KB,4MB(Õ×),16MB(Õ×),·ñ,TSMC 6nm FinFET,,PCIe_ 4.0,35W,,95¡ãC,DDR5,,2,2200 MHz,AMD Radeonþ 680M,,,,,,,,,,,,,,,,,,,,,,,,,,,,,,,,,,,,,,,,,,,,,,,,,,,,,,,,,,,,,,,,,,,,,,,,,,,,,,,,,,,,,,,,,,,,,,,,,,,,,,,,,,,,,,,,,,,,,,,,,,,,,,,,,,,,,,,,,,,,,,,,,,,,,,,,,,,,,,,,,,,,,,,,,,,,,,,,,,,,,,,,,,,,,,,,,,,,,,,,,,,,,,,,,,,,,,,,,,,,,,,
86,AMD Ryzenþ 7 PRO 6850U,100-000000538,100-000000550,,8,16,12,2.7GHz,×î¸ß¿É´ï4.7GHz,512KB,4MB(Õ×),16MB(Õ×),·ñ,TSMC 6nm FinFET,,PCIe_ 4.0,,15W-28W,95¡ãC,DDR5,,2,2200 MHz,AMD Radeonþ 680M,,,,,,,,,,,,,,,,,,,,,,,,,,,,,,,,,,,,,,,,,,,,,,,,,,,,,,,,,,,,,,,,,,,,,,,,,,,,,,,,,,,,,,,,,,,,,,,,,,,,,,,,,,,,,,,,,,,,,,,,,,,,,,,,,,,,,,,,,,,,,,,,,,,,,,,,,,,,,,,,,,,,,,,,,,,,,,,,,,,,,,,,,,,,,,,,,,,,,,,,,,,,,,,,,,,,,,,,,,,,,,,
87,AMD Ryzenþ 5 PRO 6650H,100-000000543 ,100-000000565 ,,6,12,6,3.3GHz,×î¸ß¿É´ï4.5GHz,384KB,3MB(Õ×),16MB(Õ×),·ñ,TSMC 6nm FinFET,,PCIe_ 4.0,45W,,95¡ãC,DDR5,,2,1900 MHz,AMD Radeonþ 660M,,,,,,,,,,,,,,,,,,,,,,,,,,,,,,,,,,,,,,,,,,,,,,,,,,,,,,,,,,,,,,,,,,,,,,,,,,,,,,,,,,,,,,,,,,,,,,,,,,,,,,,,,,,,,,,,,,,,,,,,,,,,,,,,,,,,,,,,,,,,,,,,,,,,,,,,,,,,,,,,,,,,,,,,,,,,,,,,,,,,,,,,,,,,,,,,,,,,,,,,,,,,,,,,,,,,,,,,,,,,,,,
88,AMD Ryzenþ 5 PRO 6650HS,100-000000543,100-000000565,,6,12,6,3.3GHz,×î¸ß¿É´ï4.5GHz,384KB,3MB(Õ×),16MB(Õ×),·ñ,TSMC 6nm FinFET,,PCIe_ 4.0,35W,,95¡ãC,DDR5,,2,1900 MHz,AMD Radeonþ 660M,,,,,,,,,,,,,,,,,,,,,,,,,,,,,,,,,,,,,,,,,,,,,,,,,,,,,,,,,,,,,,,,,,,,,,,,,,,,,,,,,,,,,,,,,,,,,,,,,,,,,,,,,,,,,,,,,,,,,,,,,,,,,,,,,,,,,,,,,,,,,,,,,,,,,,,,,,,,,,,,,,,,,,,,,,,,,,,,,,,,,,,,,,,,,,,,,,,,,,,,,,,,,,,,,,,,,,,,,,,,,,,
89,AMD Ryzenþ 5 PRO 6650U,100-000000539,100-000000551,,6,12,6,2.9GHz,×î¸ß¿É´ï4.5GHz,384KB,3MB(Õ×),16MB(Õ×),·ñ,TSMC 6nm FinFET,,PCIe_ 4.0,,15W-28W,95¡ãC,DDR5,,2,1900 MHz,AMD Radeonþ 660M,,,,,,,,,,,,,,,,,,,,,,,,,,,,,,,,,,,,,,,,,,,,,,,,,,,,,,,,,,,,,,,,,,,,,,,,,,,,,,,,,,,,,,,,,,,,,,,,,,,,,,,,,,,,,,,,,,,,,,,,,,,,,,,,,,,,,,,,,,,,,,,,,,,,,,,,,,,,,,,,,,,,,,,,,,,,,,,,,,,,,,,,,,,,,,,,,,,,,,,,,,,,,,,,,,,,,,,,,,,,,,,
90,AMD Ryzenþ 5 PRO 7545U,100-000001073,100-000001069 ,,6,12,4,3.2GHz,×î¸ß¿É´ï4.9GHz,,6MB(Õ×),16MB(Õ×),·ñ,TSMC 4nm FinFET,FP7£¬ FP7r2,PCIe_ 4.0,,15-30W,100¡ãC,,,2,2800 MHz,AMD Radeonþ 740M,,,,,,,,,,,,,,,,,,,,,,,,,,,,,,,,,,,,,,,,,,,,,,,,,,,,,,,,,,,,,,,,,,,,,,,,,,,,,,,,,,,,,,,,,,,,,,,,,,,,,,,,,,,,,,,,,,,,,,,,,,,,,,,,,,,,,,,,,,,,,,,,,,,,,,,,,,,,,,,,,,,,,,,,,,,,,,,,,,,,,,,,,,,,,,,,,,,,,,,,,,,,,,,,,,,,,,,,,,,,,,,
91,AMD Ryzenþ 9 PRO 7940HS,100-000000958,100-000000967 ,,8,16,12,4.0GHz,×î¸ß¿É´ï5.2GHz,,8MB(Õ×),16MB(Õ×),·ñ,TSMC 4nm FinFET,FP7£¬ FP7r2,PCIe_ 4.0,,35-54W,100¡ãC,,,2,2800 MHz,AMD Radeonþ 780M,,,,,,,,,,,,,,,,,,,,,,,,,,,,,,,,,,,,,,,,,,,,,,,,,,,,,,,,,,,,,,,,,,,,,,,,,,,,,,,,,,,,,,,,,,,,,,,,,,,,,,,,,,,,,,,,,,,,,,,,,,,,,,,,,,,,,,,,,,,,,,,,,,,,,,,,,,,,,,,,,,,,,,,,,,,,,,,,,,,,,,,,,,,,,,,,,,,,,,,,,,,,,,,,,,,,,,,,,,,,,,,
92,AMD Ryzenþ 7 PRO 7840HS,100-000000968  ,100-000000959 ,,8,16,12,3.8GHz,×î¸ß¿É´ï5.1GHz,,8MB(Õ×),16MB(Õ×),·ñ,TSMC 4nm FinFET,FP7£¬ FP7r2,PCIe_ 4.0,,35-54W,100¡ãC,,,2,2700 MHz,AMD Radeonþ 780M,,,,,,,,,,,,,,,,,,,,,,,,,,,,,,,,,,,,,,,,,,,,,,,,,,,,,,,,,,,,,,,,,,,,,,,,,,,,,,,,,,,,,,,,,,,,,,,,,,,,,,,,,,,,,,,,,,,,,,,,,,,,,,,,,,,,,,,,,,,,,,,,,,,,,,,,,,,,,,,,,,,,,,,,,,,,,,,,,,,,,,,,,,,,,,,,,,,,,,,,,,,,,,,,,,,,,,,,,,,,,,,
93,AMD Ryzenþ 7 PRO 7840U,100-000000961,100-000000970 ,,8,16,12,3.3GHz,×î¸ß¿É´ï5.1GHz,,8MB(Õ×),16MB(Õ×),·ñ,TSMC 4nm FinFET,FP7£¬ FP7r2,PCIe_ 4.0,,15-30W,100¡ãC,,,2,2700 MHz,AMD Radeonþ 780M,,,,,,,,,,,,,,,,,,,,,,,,,,,,,,,,,,,,,,,,,,,,,,,,,,,,,,,,,,,,,,,,,,,,,,,,,,,,,,,,,,,,,,,,,,,,,,,,,,,,,,,,,,,,,,,,,,,,,,,,,,,,,,,,,,,,,,,,,,,,,,,,,,,,,,,,,,,,,,,,,,,,,,,,,,,,,,,,,,,,,,,,,,,,,,,,,,,,,,,,,,,,,,,,,,,,,,,,,,,,,,,
94,AMD Ryzenþ 5 PRO 7540U,100-000000962,100-000000971 ,,6,12,4,3.2GHz,×î¸ß¿É´ï4.9GHz,,6MB(Õ×),16MB(Õ×),·ñ,TSMC 4nm FinFET,FP7£¬ FP7r2,PCIe_ 4.0,,15-30W,100¡ãC,,,2,2500 MHz,AMD Radeonþ 740M,,,,,,,,,,,,,,,,,,,,,,,,,,,,,,,,,,,,,,,,,,,,,,,,,,,,,,,,,,,,,,,,,,,,,,,,,,,,,,,,,,,,,,,,,,,,,,,,,,,,,,,,,,,,,,,,,,,,,,,,,,,,,,,,,,,,,,,,,,,,,,,,,,,,,,,,,,,,,,,,,,,,,,,,,,,,,,,,,,,,,,,,,,,,,,,,,,,,,,,,,,,,,,,,,,,,,,,,,,,,,,,
95,AMD Ryzenþ 5 PRO 7640HS,100-000000960  ,100-000000969 ,,6,12,8,4.3GHz,×î¸ß¿É´ï5.0GHz,,6MB(Õ×),16MB(Õ×),·ñ,TSMC 4nm FinFET,FP7£¬ FP7r2,PCIe_ 4.0,,35-54W,100¡ãC,,,2,2600 MHz,AMD Radeonþ 760M,,,,,,,,,,,,,,,,,,,,,,,,,,,,,,,,,,,,,,,,,,,,,,,,,,,,,,,,,,,,,,,,,,,,,,,,,,,,,,,,,,,,,,,,,,,,,,,,,,,,,,,,,,,,,,,,,,,,,,,,,,,,,,,,,,,,,,,,,,,,,,,,,,,,,,,,,,,,,,,,,,,,,,,,,,,,,,,,,,,,,,,,,,,,,,,,,,,,,,,,,,,,,,,,,,,,,,,,,,,,,,,
96,AMD Ryzenþ 5 PRO 7640U,100-000001108,100-000001111 ,,6,12,8,3.5GHz,×î¸ß¿É´ï4.9GHz,,6MB(Õ×),16MB(Õ×),·ñ,TSMC 4nm FinFET,FP7£¬ FP7r2,PCIe_ 4.0,,15-30W,100¡ãC,,,2,2600 MHz,AMD Radeonþ 760M,,,,,,,,,,,,,,,,,,,,,,,,,,,,,,,,,,,,,,,,,,,,,,,,,,,,,,,,,,,,,,,,,,,,,,,,,,,,,,,,,,,,,,,,,,,,,,,,,,,,,,,,,,,,,,,,,,,,,,,,,,,,,,,,,,,,,,,,,,,,,,,,,,,,,,,,,,,,,,,,,,,,,,,,,,,,,,,,,,,,,,,,,,,,,,,,,,,,,,,,,,,,,,,,,,,,,,,,,,,,,,,
97,AMD Ryzenþ 5 7520C,100-000000773,,,4,8,2,2.8GHz,×î¸ß¿É´ï4.3GHz,256KB,2MB(Õ×),4MB(Õ×),·ñ,TSMC 6nm FinFET,FT6,PCIe_ 3.0,15W,,,LPDDR5,,2,1900 MHz,AMD Radeonþ 610M,,,,,,,,,,,,,,,,,,,,,,,,,,,,,,,,,,,,,,,,,,,,,,,,,,,,,,,,,,,,,,,,,,,,,,,,,,,,,,,,,,,,,,,,,,,,,,,,,,,,,,,,,,,,,,,,,,,,,,,,,,,,,,,,,,,,,,,,,,,,,,,,,,,,,,,,,,,,,,,,,,,,,,,,,,,,,,,,,,,,,,,,,,,,,,,,,,,,,,,,,,,,,,,,,,,,,,,,,,,,,,,
98,AMD Ryzenþ 3 7320C,100-000000774,,,4,8,2,2.4GHz,×î¸ß¿É´ï4.1GHz,256KB,2MB(Õ×),4MB(Õ×),·ñ,TSMC 6nm FinFET,FT6,PCIe_ 3.0,15W,,,LPDDR5,,2,1900 MHz,AMD Radeonþ 610M,,,,,,,,,,,,,,,,,,,,,,,,,,,,,,,,,,,,,,,,,,,,,,,,,,,,,,,,,,,,,,,,,,,,,,,,,,,,,,,,,,,,,,,,,,,,,,,,,,,,,,,,,,,,,,,,,,,,,,,,,,,,,,,,,,,,,,,,,,,,,,,,,,,,,,,,,,,,,,,,,,,,,,,,,,,,,,,,,,,,,,,,,,,,,,,,,,,,,,,,,,,,,,,,,,,,,,,,,,,,,,,
99,AMD Ryzenþ 9 7945HX,100-000000870,,,16,32,2,2.5GHz,×î¸ß¿É´ï5.4GHz,1024KB,16MB(Õ×),64MB(Õ×),ÊÇ,TSMC 5nm FinFET,FL1,PCIe_ 5.0,55W,55-75W,100¡ãC,DDR5,,2,2200 MHz,AMD Radeonþ 610M,,,,,,,,,,,,,,,,,,,,,,,,,,,,,,,,,,,,,,,,,,,,,,,,,,,,,,,,,,,,,,,,,,,,,,,,,,,,,,,,,,,,,,,,,,,,,,,,,,,,,,,,,,,,,,,,,,,,,,,,,,,,,,,,,,,,,,,,,,,,,,,,,,,,,,,,,,,,,,,,,,,,,,,,,,,,,,,,,,,,,,,,,,,,,,,,,,,,,,,,,,,,,,,,,,,,,,,,,,,,,,,
100,AMD Ryzenþ 9 7845HX,100-000000871,,,12,24,2,3.0GHz,×î¸ß¿É´ï5.2GHz,764KB,12MB(Õ×),64MB(Õ×),ÊÇ,TSMC 5nm FinFET,FL1,PCIe_ 5.0,55W,45-75W,100¡ãC,DDR5,,2,2200 MHz,AMD Radeonþ 610M,,,,,,,,,,,,,,,,,,,,,,,,,,,,,,,,,,,,,,,,,,,,,,,,,,,,,,,,,,,,,,,,,,,,,,,,,,,,,,,,,,,,,,,,,,,,,,,,,,,,,,,,,,,,,,,,,,,,,,,,,,,,,,,,,,,,,,,,,,,,,,,,,,,,,,,,,,,,,,,,,,,,,,,,,,,,,,,,,,,,,,,,,,,,,,,,,,,,,,,,,,,,,,,,,,,,,,,,,,,,,,,
101,AMD Ryzenþ 7 7745HX,100-000000721,,,8,16,2,3.6GHz,×î¸ß¿É´ï5.1GHz,512KB,8MB(Õ×),32MB(Õ×),ÊÇ,TSMC 5nm FinFET,FL1,PCIe_ 5.0,55W,45-75W,100¡ãC,DDR5,,2,2200 MHz,AMD Radeonþ 610M,,,,,,,,,,,,,,,,,,,,,,,,,,,,,,,,,,,,,,,,,,,,,,,,,,,,,,,,,,,,,,,,,,,,,,,,,,,,,,,,,,,,,,,,,,,,,,,,,,,,,,,,,,,,,,,,,,,,,,,,,,,,,,,,,,,,,,,,,,,,,,,,,,,,,,,,,,,,,,,,,,,,,,,,,,,,,,,,,,,,,,,,,,,,,,,,,,,,,,,,,,,,,,,,,,,,,,,,,,,,,,,
102,AMD Ryzenþ 5 7645HX,100-000000872,,,6,12,2,4.0GHz,×î¸ß¿É´ï5.0GHz,384KB,6MB(Õ×),32MB(Õ×),ÊÇ,TSMC 5nm FinFET,FL1,PCIe_ 5.0,55W,45-75W,100¡ãC,DDR5,,2,2200 MHz,AMD Radeonþ 610M,,,,,,,,,,,,,,,,,,,,,,,,,,,,,,,,,,,,,,,,,,,,,,,,,,,,,,,,,,,,,,,,,,,,,,,,,,,,,,,,,,,,,,,,,,,,,,,,,,,,,,,,,,,,,,,,,,,,,,,,,,,,,,,,,,,,,,,,,,,,,,,,,,,,,,,,,,,,,,,,,,,,,,,,,,,,,,,,,,,,,,,,,,,,,,,,,,,,,,,,,,,,,,,,,,,,,,,,,,,,,,,
103,AMD ÈñÁú 9 7940H (½öÏÞÖÐ¹ú´óÂ½),100-000000954   ,100-000000963 ,100-000001128 ,8,16,12,4.0GHz,×î¸ß¿É´ï5.2GHz,512KB,8MB(Õ×),16MB(Õ×),·ñ,TSMC 4nm FinFET,FP7£¬ FP7r2£¬ FP8,PCIe_ 4.0,35-54W,35-54W,100¡ãC,"DDR5 , LPDDR5/x (FP7, FP8)",,2,2800 MHz,AMD Radeonþ 780M,,,,,,,,,,,,,,,,,,,,,,,,,,,,,,,,,,,,,,,,,,,,,,,,,,,,,,,,,,,,,,,,,,,,,,,,,,,,,,,,,,,,,,,,,,,,,,,,,,,,,,,,,,,,,,,,,,,,,,,,,,,,,,,,,,,,,,,,,,,,,,,,,,,,,,,,,,,,,,,,,,,,,,,,,,,,,,,,,,,,,,,,,,,,,,,,,,,,,,,,,,,,,,,,,,,,,,,,,,,,,,,
104,AMD Ryzenþ 9 7940HS,100-000000954  ,100-000000963  ,100-000001128 ,8,16,12,4.0GHz,×î¸ß¿É´ï5.2GHz,512KB,8MB(Õ×),16MB(Õ×),·ñ,TSMC 4nm FinFET,FP7£¬ FP7r2£¬ FP8,PCIe_ 4.0,35-54W,35-54W,100¡ãC,"DDR5 , LPDDR5/x (FP7, FP8)",,2,2800 MHz,AMD Radeonþ 780M,,,,,,,,,,,,,,,,,,,,,,,,,,,,,,,,,,,,,,,,,,,,,,,,,,,,,,,,,,,,,,,,,,,,,,,,,,,,,,,,,,,,,,,,,,,,,,,,,,,,,,,,,,,,,,,,,,,,,,,,,,,,,,,,,,,,,,,,,,,,,,,,,,,,,,,,,,,,,,,,,,,,,,,,,,,,,,,,,,,,,,,,,,,,,,,,,,,,,,,,,,,,,,,,,,,,,,,,,,,,,,,
105,AMD Ryzenþ 9 7940HS,100-000000954  ,100-000000963 ,100-000001128 ,8,16,12,4.0GHz,×î¸ß¿É´ï5.2GHz,512KB,8MB(Õ×),16MB(Õ×),·ñ,TSMC 4nm FinFET,FP7£¬ FP7r2£¬ FP8,PCIe_ 4.0,35-54W,35-54W,100¡ãC,"DDR5 , LPDDR5/x (FP7, FP8)",,2,2800 MHz,AMD Radeonþ 780M,,,,,,,,,,,,,,,,,,,,,,,,,,,,,,,,,,,,,,,,,,,,,,,,,,,,,,,,,,,,,,,,,,,,,,,,,,,,,,,,,,,,,,,,,,,,,,,,,,,,,,,,,,,,,,,,,,,,,,,,,,,,,,,,,,,,,,,,,,,,,,,,,,,,,,,,,,,,,,,,,,,,,,,,,,,,,,,,,,,,,,,,,,,,,,,,,,,,,,,,,,,,,,,,,,,,,,,,,,,,,,,
106,AMD ÈñÁú 7 7840H (½öÏÞÖÐ¹ú´óÂ½),100-000000955  ,100-000000964 ,100-000001129 ,8,16,12,3.8GHz,×î¸ß¿É´ï5.1GHz,512KB,8MB(Õ×),16MB(Õ×),·ñ,TSMC 4nm FinFET,FP7£¬ FP7r2£¬ FP8,PCIe_ 4.0,35-54W,35-54W,100¡ãC,"DDR5 , LPDDR5/x (FP7, FP8)",,2,2700 MHz,AMD Radeonþ 780M,,,,,,,,,,,,,,,,,,,,,,,,,,,,,,,,,,,,,,,,,,,,,,,,,,,,,,,,,,,,,,,,,,,,,,,,,,,,,,,,,,,,,,,,,,,,,,,,,,,,,,,,,,,,,,,,,,,,,,,,,,,,,,,,,,,,,,,,,,,,,,,,,,,,,,,,,,,,,,,,,,,,,,,,,,,,,,,,,,,,,,,,,,,,,,,,,,,,,,,,,,,,,,,,,,,,,,,,,,,,,,,
107,AMD Ryzenþ 7 7840HS,100-000000955  ,100-000000964  ,100-000001129 ,8,16,12,3.8GHz,×î¸ß¿É´ï5.1GHz,512KB,8MB(Õ×),16MB(Õ×),·ñ,TSMC 4nm FinFET,FP7£¬ FP7r2£¬ FP8,PCIe_ 4.0,35-54W,35-54W,100¡ãC,"DDR5 , LPDDR5/x (FP7, FP8)",,2,2700 MHz,AMD Radeonþ 780M,,,,,,,,,,,,,,,,,,,,,,,,,,,,,,,,,,,,,,,,,,,,,,,,,,,,,,,,,,,,,,,,,,,,,,,,,,,,,,,,,,,,,,,,,,,,,,,,,,,,,,,,,,,,,,,,,,,,,,,,,,,,,,,,,,,,,,,,,,,,,,,,,,,,,,,,,,,,,,,,,,,,,,,,,,,,,,,,,,,,,,,,,,,,,,,,,,,,,,,,,,,,,,,,,,,,,,,,,,,,,,,
108,AMD Ryzenþ 7 7840HS,100-000000955  ,100-000000964  ,100-000001129 ,8,16,12,3.8GHz,×î¸ß¿É´ï5.1GHz,512KB,8MB(Õ×),16MB(Õ×),·ñ,TSMC 4nm FinFET,FP7£¬ FP7r2£¬ FP8,PCIe_ 4.0,35-54W,35-54W,100¡ãC,"DDR5 , LPDDR5/x (FP7, FP8)",,2,2700 MHz,AMD Radeonþ 780M,,,,,,,,,,,,,,,,,,,,,,,,,,,,,,,,,,,,,,,,,,,,,,,,,,,,,,,,,,,,,,,,,,,,,,,,,,,,,,,,,,,,,,,,,,,,,,,,,,,,,,,,,,,,,,,,,,,,,,,,,,,,,,,,,,,,,,,,,,,,,,,,,,,,,,,,,,,,,,,,,,,,,,,,,,,,,,,,,,,,,,,,,,,,,,,,,,,,,,,,,,,,,,,,,,,,,,,,,,,,,,,
109,AMD ÈñÁú 5 7640H (½öÏÞÖÐ¹ú´óÂ½),100-000000956 ,100-000000965  ,100-000001130 ,6,12,8,4.3GHz,×î¸ß¿É´ï5.0GHz,384KB,6MB(Õ×),16MB(Õ×),·ñ,TSMC 4nm FinFET,FP7£¬ FP7r2£¬ FP8,PCIe_ 4.0,35-54W,35-54W,100¡ãC,"DDR5 , LPDDR5/x (FP7, FP8)",,2,2600 MHz,AMD Radeonþ 760M,,,,,,,,,,,,,,,,,,,,,,,,,,,,,,,,,,,,,,,,,,,,,,,,,,,,,,,,,,,,,,,,,,,,,,,,,,,,,,,,,,,,,,,,,,,,,,,,,,,,,,,,,,,,,,,,,,,,,,,,,,,,,,,,,,,,,,,,,,,,,,,,,,,,,,,,,,,,,,,,,,,,,,,,,,,,,,,,,,,,,,,,,,,,,,,,,,,,,,,,,,,,,,,,,,,,,,,,,,,,,,,
110,AMD Ryzenþ 5 7640HS,100-000000956  ,100-000000965  ,100-000001130 ,6,12,8,4.3GHz,×î¸ß¿É´ï5.0GHz,384KB,6MB(Õ×),16MB(Õ×),·ñ,TSMC 4nm FinFET,FP7£¬ FP7r2£¬ FP8,PCIe_ 4.0,35-54W,35-54W,100¡ãC,"DDR5 , LPDDR5/x (FP7, FP8)",,2,2600 MHz,AMD Radeonþ 760M,,,,,,,,,,,,,,,,,,,,,,,,,,,,,,,,,,,,,,,,,,,,,,,,,,,,,,,,,,,,,,,,,,,,,,,,,,,,,,,,,,,,,,,,,,,,,,,,,,,,,,,,,,,,,,,,,,,,,,,,,,,,,,,,,,,,,,,,,,,,,,,,,,,,,,,,,,,,,,,,,,,,,,,,,,,,,,,,,,,,,,,,,,,,,,,,,,,,,,,,,,,,,,,,,,,,,,,,,,,,,,,
111,AMD Ryzenþ 5 7640HS,100-000000956   ,100-000000965 ,100-000001130 ,6,12,8,4.3GHz,×î¸ß¿É´ï5.0GHz,384KB,6MB(Õ×),16MB(Õ×),·ñ,TSMC 4nm FinFET,FP7£¬ FP7r2£¬ FP8,PCIe_ 4.0,35-54W,35-54W,100¡ãC,"DDR5 , LPDDR5/x (FP7, FP8)",,2,2600 MHz,AMD Radeonþ 760M,,,,,,,,,,,,,,,,,,,,,,,,,,,,,,,,,,,,,,,,,,,,,,,,,,,,,,,,,,,,,,,,,,,,,,,,,,,,,,,,,,,,,,,,,,,,,,,,,,,,,,,,,,,,,,,,,,,,,,,,,,,,,,,,,,,,,,,,,,,,,,,,,,,,,,,,,,,,,,,,,,,,,,,,,,,,,,,,,,,,,,,,,,,,,,,,,,,,,,,,,,,,,,,,,,,,,,,,,,,,,,,
112,AMD ÈñÁú 7 7735H (½öÏÞÖÐ¹ú´óÂ½),100-000000985,100-000000989,,8,16,12,3.2GHz,×î¸ß¿É´ï4.75GHz,512KB,4MB(Õ×),16MB(Õ×),·ñ,TSMC 6nm FinFET,FP7,PCIe_ 4.0,35-54W,35-54W,95¡ãC,"DDR5, LPDDR5",,2,2200 MHz,AMD Radeonþ 680M,,,,,,,,,,,,,,,,,,,,,,,,,,,,,,,,,,,,,,,,,,,,,,,,,,,,,,,,,,,,,,,,,,,,,,,,,,,,,,,,,,,,,,,,,,,,,,,,,,,,,,,,,,,,,,,,,,,,,,,,,,,,,,,,,,,,,,,,,,,,,,,,,,,,,,,,,,,,,,,,,,,,,,,,,,,,,,,,,,,,,,,,,,,,,,,,,,,,,,,,,,,,,,,,,,,,,,,,,,,,,,,
113,AMD Ryzenþ 7 7735HS,100-000000985,100-000000989,,8,16,12,3.2GHz,×î¸ß¿É´ï4.75GHz,512KB,4MB(Õ×),16MB(Õ×),·ñ,TSMC 6nm FinFET,FP7,PCIe_ 4.0,35-54W,35-54W,95¡ãC,"DDR5, LPDDR5",,2,2200 MHz,AMD Radeonþ 680M,,,,,,,,,,,,,,,,,,,,,,,,,,,,,,,,,,,,,,,,,,,,,,,,,,,,,,,,,,,,,,,,,,,,,,,,,,,,,,,,,,,,,,,,,,,,,,,,,,,,,,,,,,,,,,,,,,,,,,,,,,,,,,,,,,,,,,,,,,,,,,,,,,,,,,,,,,,,,,,,,,,,,,,,,,,,,,,,,,,,,,,,,,,,,,,,,,,,,,,,,,,,,,,,,,,,,,,,,,,,,,,
114,AMD Ryzenþ 7 7735HS,100-000000985,100-000000989,,8,16,12,3.2GHz,×î¸ß¿É´ï4.75GHz,512KB,4MB(Õ×),16MB(Õ×),·ñ,TSMC 6nm FinFET,FP7,PCIe_ 4.0,35-54W,35-54W,95¡ãC,"DDR5, LPDDR5",,2,2200 MHz,AMD Radeonþ 680M,,,,,,,,,,,,,,,,,,,,,,,,,,,,,,,,,,,,,,,,,,,,,,,,,,,,,,,,,,,,,,,,,,,,,,,,,,,,,,,,,,,,,,,,,,,,,,,,,,,,,,,,,,,,,,,,,,,,,,,,,,,,,,,,,,,,,,,,,,,,,,,,,,,,,,,,,,,,,,,,,,,,,,,,,,,,,,,,,,,,,,,,,,,,,,,,,,,,,,,,,,,,,,,,,,,,,,,,,,,,,,,
115,AMD Ryzenþ 5 7535HS,100-000000986,100-000000990,,6,12,6,3.3GHz,×î¸ß¿É´ï4.55GHz,512KB,3MB(Õ×),16MB(Õ×),·ñ,TSMC 6nm FinFET,FP7,PCIe_ 4.0,35-54W,35-54W,95¡ãC,"DDR5, LPDDR5",,2,1900 MHz,AMD Radeonþ 660M,,,,,,,,,,,,,,,,,,,,,,,,,,,,,,,,,,,,,,,,,,,,,,,,,,,,,,,,,,,,,,,,,,,,,,,,,,,,,,,,,,,,,,,,,,,,,,,,,,,,,,,,,,,,,,,,,,,,,,,,,,,,,,,,,,,,,,,,,,,,,,,,,,,,,,,,,,,,,,,,,,,,,,,,,,,,,,,,,,,,,,,,,,,,,,,,,,,,,,,,,,,,,,,,,,,,,,,,,,,,,,,
116,AMD Ryzenþ 5 7535HS,100-000000986,100-000000990,,6,12,6,3.3GHz,×î¸ß¿É´ï4.55GHz,512KB,3MB(Õ×),16MB(Õ×),·ñ,TSMC 6nm FinFET,FP7,PCIe_ 4.0,35-54W,35-54W,95¡ãC,"DDR5, LPDDR5",,2,1900 MHz,AMD Radeonþ 660M,,,,,,,,,,,,,,,,,,,,,,,,,,,,,,,,,,,,,,,,,,,,,,,,,,,,,,,,,,,,,,,,,,,,,,,,,,,,,,,,,,,,,,,,,,,,,,,,,,,,,,,,,,,,,,,,,,,,,,,,,,,,,,,,,,,,,,,,,,,,,,,,,,,,,,,,,,,,,,,,,,,,,,,,,,,,,,,,,,,,,,,,,,,,,,,,,,,,,,,,,,,,,,,,,,,,,,,,,,,,,,,
117,AMD ÈñÁú 5 7535H (½öÏÞÖÐ¹ú´óÂ½),100-000000986,100-000000990,,6,12,6,3.3GHz,×î¸ß¿É´ï4.55GHz,512KB,3MB(Õ×),16MB(Õ×),·ñ,TSMC 6nm FinFET,FP7,PCIe_ 4.0,35-54W,35-54W,95¡ãC,"DDR5, LPDDR5",,2,1900 MHz,AMD Radeonþ 660M,,,,,,,,,,,,,,,,,,,,,,,,,,,,,,,,,,,,,,,,,,,,,,,,,,,,,,,,,,,,,,,,,,,,,,,,,,,,,,,,,,,,,,,,,,,,,,,,,,,,,,,,,,,,,,,,,,,,,,,,,,,,,,,,,,,,,,,,,,,,,,,,,,,,,,,,,,,,,,,,,,,,,,,,,,,,,,,,,,,,,,,,,,,,,,,,,,,,,,,,,,,,,,,,,,,,,,,,,,,,,,,
118,AMD Ryzenþ 7 7840U,100-000000830,100-000000829,100-000001131 ,8,16,12,3.3GHz,×î¸ß¿É´ï5.1GHz,,8MB(Õ×),16MB(Õ×),·ñ,TSMC 4nm FinFET,FP7£¬ FP7r2£¬ FP8,PCIe_ 4.0,28W,15-30W,100¡ãC,"DDR5 , LPDDR5/x (FP7, FP8)",,2,2700 MHz,AMD Radeonþ 780M,,,,,,,,,,,,,,,,,,,,,,,,,,,,,,,,,,,,,,,,,,,,,,,,,,,,,,,,,,,,,,,,,,,,,,,,,,,,,,,,,,,,,,,,,,,,,,,,,,,,,,,,,,,,,,,,,,,,,,,,,,,,,,,,,,,,,,,,,,,,,,,,,,,,,,,,,,,,,,,,,,,,,,,,,,,,,,,,,,,,,,,,,,,,,,,,,,,,,,,,,,,,,,,,,,,,,,,,,,,,,,,
119,AMD Ryzenþ 5 7640U,100-000001106,100-000001109,100-000001132 ,6,12,8,3.5GHz,×î¸ß¿É´ï4.9GHz,,6MB(Õ×),16MB(Õ×),·ñ,TSMC 4nm FinFET,FP7£¬ FP7r2£¬ FP8,PCIe_ 4.0,28W,15-30W,100¡ãC,"DDR5 , LPDDR5/x (FP7, FP8)",,2,2600 MHz,AMD Radeonþ 760M,,,,,,,,,,,,,,,,,,,,,,,,,,,,,,,,,,,,,,,,,,,,,,,,,,,,,,,,,,,,,,,,,,,,,,,,,,,,,,,,,,,,,,,,,,,,,,,,,,,,,,,,,,,,,,,,,,,,,,,,,,,,,,,,,,,,,,,,,,,,,,,,,,,,,,,,,,,,,,,,,,,,,,,,,,,,,,,,,,,,,,,,,,,,,,,,,,,,,,,,,,,,,,,,,,,,,,,,,,,,,,,
120,AMD Ryzenþ 7 PRO 7730U,100-000000948,,,8,16,8,2.0GHz,×î¸ß¿É´ï4.5GHz,512KB,4MB(Õ×),16MB(Õ×),·ñ,TSMC 7nm FinFET,FP6,PCIe_ 3.0,15W,,95¡ãC,DDR4,,2,2000 MHz,AMD Radeonþ Graphics,,,,,,,,,,,,,,,,,,,,,,,,,,,,,,,,,,,,,,,,,,,,,,,,,,,,,,,,,,,,,,,,,,,,,,,,,,,,,,,,,,,,,,,,,,,,,,,,,,,,,,,,,,,,,,,,,,,,,,,,,,,,,,,,,,,,,,,,,,,,,,,,,,,,,,,,,,,,,,,,,,,,,,,,,,,,,,,,,,,,,,,,,,,,,,,,,,,,,,,,,,,,,,,,,,,,,,,,,,,,,,,
121,AMD Ryzenþ 5 7545U,100-000000930,100-000000929 ,,6,12,4,3.2GHz,×î¸ß¿É´ï4.9GHz,,6MB(Õ×),16MB(Õ×),·ñ,TSMC 4nm FinFET,FP7£¬ FP7r2,PCIe_ 4.0,28W,15-30W,100¡ãC,"DDR5 , LPDDR5/x (FP7, FP8)",,2,2800 MHz,AMD Radeonþ 740M,,,,,,,,,,,,,,,,,,,,,,,,,,,,,,,,,,,,,,,,,,,,,,,,,,,,,,,,,,,,,,,,,,,,,,,,,,,,,,,,,,,,,,,,,,,,,,,,,,,,,,,,,,,,,,,,,,,,,,,,,,,,,,,,,,,,,,,,,,,,,,,,,,,,,,,,,,,,,,,,,,,,,,,,,,,,,,,,,,,,,,,,,,,,,,,,,,,,,,,,,,,,,,,,,,,,,,,,,,,,,,,
122,AMD Ryzenþ 5 7540U,100-000000957,100-000000966 ,,6,12,4,3.2GHz,×î¸ß¿É´ï4.9GHz,,6MB(Õ×),16MB(Õ×),·ñ,TSMC 4nm FinFET,FP7£¬ FP7r2,PCIe_ 4.0,28W,15-30W,100¡ãC,"DDR5 , LPDDR5/x (FP7, FP8)",,2,2500 MHz,AMD Radeonþ 740M,,,,,,,,,,,,,,,,,,,,,,,,,,,,,,,,,,,,,,,,,,,,,,,,,,,,,,,,,,,,,,,,,,,,,,,,,,,,,,,,,,,,,,,,,,,,,,,,,,,,,,,,,,,,,,,,,,,,,,,,,,,,,,,,,,,,,,,,,,,,,,,,,,,,,,,,,,,,,,,,,,,,,,,,,,,,,,,,,,,,,,,,,,,,,,,,,,,,,,,,,,,,,,,,,,,,,,,,,,,,,,,
123,AMD Ryzenþ 5 PRO 7530U,100-000000949,,,6,12,7,2.0GHz,×î¸ß¿É´ï4.5GHz,384KB,3MB(Õ×),16MB(Õ×),·ñ,TSMC 7nm FinFET,FP6,PCIe_ 3.0,15W,,95¡ãC,DDR4,,2,2000 MHz,AMD Radeonþ Graphics,,,,,,,,,,,,,,,,,,,,,,,,,,,,,,,,,,,,,,,,,,,,,,,,,,,,,,,,,,,,,,,,,,,,,,,,,,,,,,,,,,,,,,,,,,,,,,,,,,,,,,,,,,,,,,,,,,,,,,,,,,,,,,,,,,,,,,,,,,,,,,,,,,,,,,,,,,,,,,,,,,,,,,,,,,,,,,,,,,,,,,,,,,,,,,,,,,,,,,,,,,,,,,,,,,,,,,,,,,,,,,,
124,AMD Ryzenþ 3 7440U,100-000001068,100-000001071 ,,4,8,4,3.0GHz,×î¸ß¿É´ï4.7GHz,,4MB(Õ×),8MB(Õ×),·ñ,TSMC 4nm FinFET,FP7£¬ FP7r2,PCIe_ 4.0,28W,15-30W,100¡ãC,"DDR5 , LPDDR5/x (FP7, FP8)",,2,2500 MHz,AMD Radeonþ 740M,,,,,,,,,,,,,,,,,,,,,,,,,,,,,,,,,,,,,,,,,,,,,,,,,,,,,,,,,,,,,,,,,,,,,,,,,,,,,,,,,,,,,,,,,,,,,,,,,,,,,,,,,,,,,,,,,,,,,,,,,,,,,,,,,,,,,,,,,,,,,,,,,,,,,,,,,,,,,,,,,,,,,,,,,,,,,,,,,,,,,,,,,,,,,,,,,,,,,,,,,,,,,,,,,,,,,,,,,,,,,,,
125,AMD Ryzenþ 3 PRO 7330U,100-000000950,,,4,8,6,2.3GHz,×î¸ß¿É´ï4.3GHz,256KB,2MB(Õ×),8MB(Õ×),·ñ,TSMC 7nm FinFET,FP6,PCIe_ 3.0,15W,,95¡ãC,DDR4,,2,1800 MHz,AMD Radeonþ Graphics,,,,,,,,,,,,,,,,,,,,,,,,,,,,,,,,,,,,,,,,,,,,,,,,,,,,,,,,,,,,,,,,,,,,,,,,,,,,,,,,,,,,,,,,,,,,,,,,,,,,,,,,,,,,,,,,,,,,,,,,,,,,,,,,,,,,,,,,,,,,,,,,,,,,,,,,,,,,,,,,,,,,,,,,,,,,,,,,,,,,,,,,,,,,,,,,,,,,,,,,,,,,,,,,,,,,,,,,,,,,,,,
126,AMD Ryzenþ 7 7736U_,100-000000534 ,,100-000000617,8,16,12,2.7GHz,×î¸ß¿É´ï4.7GHz,512KB,4MB(Õ×),16MB(Õ×),·ñ,TSMC 6nm FinFET,FP7,PCIe_ 4.0,,15-28W,95¡ãC,DDR5,,2,2200 MHz,AMD Radeonþ 680M,,,,,,,,,,,,,,,,,,,,,,,,,,,,,,,,,,,,,,,,,,,,,,,,,,,,,,,,,,,,,,,,,,,,,,,,,,,,,,,,,,,,,,,,,,,,,,,,,,,,,,,,,,,,,,,,,,,,,,,,,,,,,,,,,,,,,,,,,,,,,,,,,,,,,,,,,,,,,,,,,,,,,,,,,,,,,,,,,,,,,,,,,,,,,,,,,,,,,,,,,,,,,,,,,,,,,,,,,,,,,,,
127,AMD Ryzenþ 7 7735U,100-000000987 ,100-000000991,,8,16,12,2.7GHz,×î¸ß¿É´ï4.75GHz,512KB,4MB(Õ×),16MB(Õ×),·ñ,TSMC 6nm FinFET,FP7,PCIe_ 4.0,28W,15 - 30W,95¡ãC,"DDR5, LPDDR5",,2,2200 MHz,AMD Radeonþ 680M,,,,,,,,,,,,,,,,,,,,,,,,,,,,,,,,,,,,,,,,,,,,,,,,,,,,,,,,,,,,,,,,,,,,,,,,,,,,,,,,,,,,,,,,,,,,,,,,,,,,,,,,,,,,,,,,,,,,,,,,,,,,,,,,,,,,,,,,,,,,,,,,,,,,,,,,,,,,,,,,,,,,,,,,,,,,,,,,,,,,,,,,,,,,,,,,,,,,,,,,,,,,,,,,,,,,,,,,,,,,,,,
128,AMD Ryzenþ 7 7730U,100-000000942,,,8,16,8,2.0GHz,×î¸ß¿É´ï4.5GHz,512KB,4MB(Õ×),16MB(Õ×),·ñ,TSMC 7nm FinFET,FP6,PCIe_ 3.0,15W,,95¡ãC,DDR4,,2,2000 MHz,AMD Radeonþ Graphics,,,,,,,,,,,,,,,,,,,,,,,,,,,,,,,,,,,,,,,,,,,,,,,,,,,,,,,,,,,,,,,,,,,,,,,,,,,,,,,,,,,,,,,,,,,,,,,,,,,,,,,,,,,,,,,,,,,,,,,,,,,,,,,,,,,,,,,,,,,,,,,,,,,,,,,,,,,,,,,,,,,,,,,,,,,,,,,,,,,,,,,,,,,,,,,,,,,,,,,,,,,,,,,,,,,,,,,,,,,,,,,
129,AMD Ryzenþ 7 7435HS,100-000001506,,,8,16,,3.1GHz,×î¸ß¿É´ï4.5GHz,512KB,4MB(Õ×),16MB(Õ×),·ñ,TSMC 6nm FinFET,FP7r2,PCIe_ 4.0,45W,35-54W,95¡ãC,DDR5,,2,,Discrete Graphics Card Required,,,,,,,,,,,,,,,,,,,,,,,,,,,,,,,,,,,,,,,,,,,,,,,,,,,,,,,,,,,,,,,,,,,,,,,,,,,,,,,,,,,,,,,,,,,,,,,,,,,,,,,,,,,,,,,,,,,,,,,,,,,,,,,,,,,,,,,,,,,,,,,,,,,,,,,,,,,,,,,,,,,,,,,,,,,,,,,,,,,,,,,,,,,,,,,,,,,,,,,,,,,,,,,,,,,,,,,,,,,,,,,
130,AMD Ryzenþ 7 7435H,100-000001506,,,8,16,,3.1GHz,×î¸ß¿É´ï4.5GHz,512KB,4MB(Õ×),16MB(Õ×),·ñ,TSMC 6nm FinFET,FP7r2,PCIe_ 4.0,45W,35-54W,95¡ãC,DDR5,,2,,Discrete Graphics Card Required,,,,,,,,,,,,,,,,,,,,,,,,,,,,,,,,,,,,,,,,,,,,,,,,,,,,,,,,,,,,,,,,,,,,,,,,,,,,,,,,,,,,,,,,,,,,,,,,,,,,,,,,,,,,,,,,,,,,,,,,,,,,,,,,,,,,,,,,,,,,,,,,,,,,,,,,,,,,,,,,,,,,,,,,,,,,,,,,,,,,,,,,,,,,,,,,,,,,,,,,,,,,,,,,,,,,,,,,,,,,,,,
131,AMD Ryzenþ 5 7535U,100-000000988 ,100-000000992,,6,12,6,2.9GHz,×î¸ß¿É´ï4.55GHz,512KB,3MB(Õ×),16MB(Õ×),·ñ,TSMC 6nm FinFET,FP7,PCIe_ 4.0,28W,15 - 30W,95¡ãC,"DDR5, LPDDR5",,2,1900 MHz,AMD Radeonþ 660M,,,,,,,,,,,,,,,,,,,,,,,,,,,,,,,,,,,,,,,,,,,,,,,,,,,,,,,,,,,,,,,,,,,,,,,,,,,,,,,,,,,,,,,,,,,,,,,,,,,,,,,,,,,,,,,,,,,,,,,,,,,,,,,,,,,,,,,,,,,,,,,,,,,,,,,,,,,,,,,,,,,,,,,,,,,,,,,,,,,,,,,,,,,,,,,,,,,,,,,,,,,,,,,,,,,,,,,,,,,,,,,
132,AMD Ryzenþ 3 7335U,100-000000537 ,100-000000549,,4,8,4,3.0GHz,×î¸ß¿É´ï4.3GHz,512KB,2MB(Õ×),8MB(Õ×),·ñ,TSMC 6nm FinFET,FP7,PCIe_ 4.0,28W,15 - 30W,95¡ãC,"DDR5, LPDDR5",,2,1800 MHz,AMD Radeonþ 660M,,,,,,,,,,,,,,,,,,,,,,,,,,,,,,,,,,,,,,,,,,,,,,,,,,,,,,,,,,,,,,,,,,,,,,,,,,,,,,,,,,,,,,,,,,,,,,,,,,,,,,,,,,,,,,,,,,,,,,,,,,,,,,,,,,,,,,,,,,,,,,,,,,,,,,,,,,,,,,,,,,,,,,,,,,,,,,,,,,,,,,,,,,,,,,,,,,,,,,,,,,,,,,,,,,,,,,,,,,,,,,,
133,AMD Ryzenþ 5 7530U,100-000000943,,,6,12,7,2.0GHz,×î¸ß¿É´ï4.5GHz,384KB,3MB(Õ×),16MB(Õ×),·ñ,TSMC 7nm FinFET,FP6,PCIe_ 3.0,15W,,95¡ãC,DDR4,,2,2000 MHz,AMD Radeonþ Graphics,,,,,,,,,,,,,,,,,,,,,,,,,,,,,,,,,,,,,,,,,,,,,,,,,,,,,,,,,,,,,,,,,,,,,,,,,,,,,,,,,,,,,,,,,,,,,,,,,,,,,,,,,,,,,,,,,,,,,,,,,,,,,,,,,,,,,,,,,,,,,,,,,,,,,,,,,,,,,,,,,,,,,,,,,,,,,,,,,,,,,,,,,,,,,,,,,,,,,,,,,,,,,,,,,,,,,,,,,,,,,,,
134,AMD Ryzenþ 3 7330U,100-000000944,,,4,8,6,2.3GHz,×î¸ß¿É´ï4.3GHz,256KB,2MB(Õ×),8MB(Õ×),·ñ,TSMC 7nm FinFET,FP6,PCIe_ 3.0,15W,,95¡ãC,DDR4,,2,1800 MHz,AMD Radeonþ Graphics,,,,,,,,,,,,,,,,,,,,,,,,,,,,,,,,,,,,,,,,,,,,,,,,,,,,,,,,,,,,,,,,,,,,,,,,,,,,,,,,,,,,,,,,,,,,,,,,,,,,,,,,,,,,,,,,,,,,,,,,,,,,,,,,,,,,,,,,,,,,,,,,,,,,,,,,,,,,,,,,,,,,,,,,,,,,,,,,,,,,,,,,,,,,,,,,,,,,,,,,,,,,,,,,,,,,,,,,,,,,,,,
135,AMD Ryzenþ 5 7520U,100-000000770,,,4,8,2,2.8GHz,×î¸ß¿É´ï4.3GHz,256KB,2MB(Õ×),4MB(Õ×),·ñ,TSMC 6nm FinFET,,PCIe_ 3.0,15W,,,LPDDR5,,2,1900 MHz,AMD Radeonþ 610M,,,,,,,,,,,,,,,,,,,,,,,,,,,,,,,,,,,,,,,,,,,,,,,,,,,,,,,,,,,,,,,,,,,,,,,,,,,,,,,,,,,,,,,,,,,,,,,,,,,,,,,,,,,,,,,,,,,,,,,,,,,,,,,,,,,,,,,,,,,,,,,,,,,,,,,,,,,,,,,,,,,,,,,,,,,,,,,,,,,,,,,,,,,,,,,,,,,,,,,,,,,,,,,,,,,,,,,,,,,,,,,
136,AMD Ryzenþ 3 7320U,100-000000676,,,4,8,2,2.4GHz,×î¸ß¿É´ï4.1GHz,256KB,2MB(Õ×),4MB(Õ×),·ñ,TSMC 6nm FinFET,,PCIe_ 3.0,15W,,,LPDDR5,,2,1900 MHz,AMD Radeonþ 610M,,,,,,,,,,,,,,,,,,,,,,,,,,,,,,,,,,,,,,,,,,,,,,,,,,,,,,,,,,,,,,,,,,,,,,,,,,,,,,,,,,,,,,,,,,,,,,,,,,,,,,,,,,,,,,,,,,,,,,,,,,,,,,,,,,,,,,,,,,,,,,,,,,,,,,,,,,,,,,,,,,,,,,,,,,,,,,,,,,,,,,,,,,,,,,,,,,,,,,,,,,,,,,,,,,,,,,,,,,,,,,,
137,AMD Ryzenþ 5 7430U,100-000001471,,,6,12,7,2.3GHz,×î¸ß¿É´ï4.3GHz,384KB,3MB(Õ×),16MB(Õ×),·ñ,TSMC 7nm FinFET,FP6,PCIe_ 3.0,15W,,95¡ãC,DDR4,,2,1800 MHz,AMD Radeonþ Graphics,,,,,,,,,,,,,,,,,,,,,,,,,,,,,,,,,,,,,,,,,,,,,,,,,,,,,,,,,,,,,,,,,,,,,,,,,,,,,,,,,,,,,,,,,,,,,,,,,,,,,,,,,,,,,,,,,,,,,,,,,,,,,,,,,,,,,,,,,,,,,,,,,,,,,,,,,,,,,,,,,,,,,,,,,,,,,,,,,,,,,,,,,,,,,,,,,,,,,,,,,,,,,,,,,,,,,,,,,,,,,,,
138,AMD Ryzenþ 5 7235HS,1100-000001507,,,4,8,,3.2GHz,×î¸ß¿É´ï4.2GHz,384KB,2MB(Õ×),8MB(Õ×),·ñ,TSMC 6nm FinFET,FP7r2,PCIe_ 4.0,45W,35-53W,95¡ãC,DDR5,,2,,Discrete Graphics Card Required,,,,,,,,,,,,,,,,,,,,,,,,,,,,,,,,,,,,,,,,,,,,,,,,,,,,,,,,,,,,,,,,,,,,,,,,,,,,,,,,,,,,,,,,,,,,,,,,,,,,,,,,,,,,,,,,,,,,,,,,,,,,,,,,,,,,,,,,,,,,,,,,,,,,,,,,,,,,,,,,,,,,,,,,,,,,,,,,,,,,,,,,,,,,,,,,,,,,,,,,,,,,,,,,,,,,,,,,,,,,,,,
139,AMD Ryzenþ 5 7235H,1100-000001507,,,4,8,,3.2GHz,×î¸ß¿É´ï4.2GHz,384KB,2MB(Õ×),8MB(Õ×),·ñ,TSMC 6nm FinFET,FP7r2,PCIe_ 4.0,45W,35-53W,95¡ãC,DDR5,,2,,Discrete Graphics Card Required,,,,,,,,,,,,,,,,,,,,,,,,,,,,,,,,,,,,,,,,,,,,,,,,,,,,,,,,,,,,,,,,,,,,,,,,,,,,,,,,,,,,,,,,,,,,,,,,,,,,,,,,,,,,,,,,,,,,,,,,,,,,,,,,,,,,,,,,,,,,,,,,,,,,,,,,,,,,,,,,,,,,,,,,,,,,,,,,,,,,,,,,,,,,,,,,,,,,,,,,,,,,,,,,,,,,,,,,,,,,,,,
140,AMD Ryzenþ 9 8945H,100-000001319,100-000001383,100-000001309 ,8,16,12,4.0GHz,×î¸ß¿É´ï5.2GHz,,8MB(Õ×),16MB(Õ×),·ñ,TSMC 4nm FinFET,FP7£¬ FP7r2£¬ FP8,PCIe_ 4.0,45W,35-54W,100¡ãC,"DDR5 , LPDDR5/x (FP7, FP8)",,2,2800 MHz,AMD Radeonþ 780M,,,,,,,,,,,,,,,,,,,,,,,,,,,,,,,,,,,,,,,,,,,,,,,,,,,,,,,,,,,,,,,,,,,,,,,,,,,,,,,,,,,,,,,,,,,,,,,,,,,,,,,,,,,,,,,,,,,,,,,,,,,,,,,,,,,,,,,,,,,,,,,,,,,,,,,,,,,,,,,,,,,,,,,,,,,,,,,,,,,,,,,,,,,,,,,,,,,,,,,,,,,,,,,,,,,,,,,,,,,,,,,
141,AMD Ryzenþ 7 8845H,100-000001322,100-000001384,100-000001311 ,8,16,12,3.8GHz,×î¸ß¿É´ï5.1GHz,,8MB(Õ×),16MB(Õ×),·ñ,TSMC 4nm FinFET,FP7£¬ FP7r2£¬ FP8,PCIe_ 4.0,45W,35-54W,100¡ãC,"DDR5 , LPDDR5/x (FP7, FP8)",,2,2700 MHz,AMD Radeonþ 780M,,,,,,,,,,,,,,,,,,,,,,,,,,,,,,,,,,,,,,,,,,,,,,,,,,,,,,,,,,,,,,,,,,,,,,,,,,,,,,,,,,,,,,,,,,,,,,,,,,,,,,,,,,,,,,,,,,,,,,,,,,,,,,,,,,,,,,,,,,,,,,,,,,,,,,,,,,,,,,,,,,,,,,,,,,,,,,,,,,,,,,,,,,,,,,,,,,,,,,,,,,,,,,,,,,,,,,,,,,,,,,,
142,AMD Ryzenþ 9 8945HS,100-000001319,100-000001383,100-000001309 ,8,16,12,4.0GHz,×î¸ß¿É´ï5.2GHz,,8MB(Õ×),16MB(Õ×),·ñ,TSMC 4nm FinFET,FP7£¬ FP7r2£¬ FP8,PCIe_ 4.0,45W,35-54W,100¡ãC,"DDR5 , LPDDR5/x (FP7, FP8)",,2,2800 MHz,AMD Radeonþ 780M,,,,,,,,,,,,,,,,,,,,,,,,,,,,,,,,,,,,,,,,,,,,,,,,,,,,,,,,,,,,,,,,,,,,,,,,,,,,,,,,,,,,,,,,,,,,,,,,,,,,,,,,,,,,,,,,,,,,,,,,,,,,,,,,,,,,,,,,,,,,,,,,,,,,,,,,,,,,,,,,,,,,,,,,,,,,,,,,,,,,,,,,,,,,,,,,,,,,,,,,,,,,,,,,,,,,,,,,,,,,,,,
143,AMD Ryzenþ 5 8645H,100-000001320,100-000001385,100-000001310 ,6,12,8,4.3GHz,×î¸ß¿É´ï5.0GHz,,6MB(Õ×),16MB(Õ×),·ñ,TSMC 4nm FinFET,FP7£¬ FP7r2£¬ FP8,PCIe_ 4.0,45W,35-54W,100¡ãC,"DDR5 , LPDDR5/x (FP7, FP8)",,2,2600 MHz,AMD Radeonþ 760M,,,,,,,,,,,,,,,,,,,,,,,,,,,,,,,,,,,,,,,,,,,,,,,,,,,,,,,,,,,,,,,,,,,,,,,,,,,,,,,,,,,,,,,,,,,,,,,,,,,,,,,,,,,,,,,,,,,,,,,,,,,,,,,,,,,,,,,,,,,,,,,,,,,,,,,,,,,,,,,,,,,,,,,,,,,,,,,,,,,,,,,,,,,,,,,,,,,,,,,,,,,,,,,,,,,,,,,,,,,,,,,
144,AMD Ryzenþ 7 8845HS,100-000001322,100-000001384,100-000001311 ,8,16,12,3.8GHz,×î¸ß¿É´ï5.1GHz,,8MB(Õ×),16MB(Õ×),·ñ,TSMC 4nm FinFET,FP7£¬ FP7r2£¬ FP8,PCIe_ 4.0,45W,35-54W,100¡ãC,"DDR5 , LPDDR5/x (FP7, FP8)",,2,2700 MHz,AMD Radeonþ 780M,,,,,,,,,,,,,,,,,,,,,,,,,,,,,,,,,,,,,,,,,,,,,,,,,,,,,,,,,,,,,,,,,,,,,,,,,,,,,,,,,,,,,,,,,,,,,,,,,,,,,,,,,,,,,,,,,,,,,,,,,,,,,,,,,,,,,,,,,,,,,,,,,,,,,,,,,,,,,,,,,,,,,,,,,,,,,,,,,,,,,,,,,,,,,,,,,,,,,,,,,,,,,,,,,,,,,,,,,,,,,,,
145,AMD Ryzenþ 5 8645HS,100-000001320,100-000001385,100-000001310 ,6,12,8,4.3GHz,×î¸ß¿É´ï5.0GHz,,6MB(Õ×),16MB(Õ×),·ñ,TSMC 4nm FinFET,FP7£¬ FP7r2£¬ FP8,PCIe_ 4.0,45W,35-54W,100¡ãC,"DDR5 , LPDDR5/x (FP7, FP8)",,2,2600 MHz,AMD Radeonþ 760M,,,,,,,,,,,,,,,,,,,,,,,,,,,,,,,,,,,,,,,,,,,,,,,,,,,,,,,,,,,,,,,,,,,,,,,,,,,,,,,,,,,,,,,,,,,,,,,,,,,,,,,,,,,,,,,,,,,,,,,,,,,,,,,,,,,,,,,,,,,,,,,,,,,,,,,,,,,,,,,,,,,,,,,,,,,,,,,,,,,,,,,,,,,,,,,,,,,,,,,,,,,,,,,,,,,,,,,,,,,,,,,
146,AMD Ryzenþ 7 8840HS,100-000001372,100-000001379,100-000001357 ,8,16,12,3.3GHz,×î¸ß¿É´ï5.1GHz,,8MB(Õ×),16MB(Õ×),·ñ,TSMC 4nm FinFET,FP7£¬ FP7r2£¬ FP8,PCIe_ 4.0,28W,20-30W,100¡ãC,"DDR5 , LPDDR5/x (FP7, FP8)",,2,2700 MHz,AMD Radeonþ 780M,,,,,,,,,,,,,,,,,,,,,,,,,,,,,,,,,,,,,,,,,,,,,,,,,,,,,,,,,,,,,,,,,,,,,,,,,,,,,,,,,,,,,,,,,,,,,,,,,,,,,,,,,,,,,,,,,,,,,,,,,,,,,,,,,,,,,,,,,,,,,,,,,,,,,,,,,,,,,,,,,,,,,,,,,,,,,,,,,,,,,,,,,,,,,,,,,,,,,,,,,,,,,,,,,,,,,,,,,,,,,,,
147,AMD Ryzenþ 5 8640HS,100-000001373,1100-000001380,100-000001358,6,12,8,3.5GHz,×î¸ß¿É´ï4.9GHz,,6MB(Õ×),16MB(Õ×),·ñ,TSMC 4nm FinFET,FP7£¬ FP7r2£¬ FP8,PCIe_ 4.0,28W,20-30W,100¡ãC,"DDR5 , LPDDR5/x (FP7, FP8)",,2,2600 MHz,AMD Radeonþ 760M,,,,,,,,,,,,,,,,,,,,,,,,,,,,,,,,,,,,,,,,,,,,,,,,,,,,,,,,,,,,,,,,,,,,,,,,,,,,,,,,,,,,,,,,,,,,,,,,,,,,,,,,,,,,,,,,,,,,,,,,,,,,,,,,,,,,,,,,,,,,,,,,,,,,,,,,,,,,,,,,,,,,,,,,,,,,,,,,,,,,,,,,,,,,,,,,,,,,,,,,,,,,,,,,,,,,,,,,,,,,,,,
148,AMD Ryzenþ 5 8640U,100-000001324,100-000001376,100-000001313 ,6,12,8,3.5GHz,×î¸ß¿É´ï4.9GHz,,6MB(Õ×),16MB(Õ×),·ñ,TSMC 4nm FinFET,FP7£¬ FP7r2£¬ FP8,PCIe_ 4.0,28W,15-30W,100¡ãC,"DDR5 , LPDDR5/x (FP7, FP8)",,2,2600 MHz,AMD Radeonþ 760M,,,,,,,,,,,,,,,,,,,,,,,,,,,,,,,,,,,,,,,,,,,,,,,,,,,,,,,,,,,,,,,,,,,,,,,,,,,,,,,,,,,,,,,,,,,,,,,,,,,,,,,,,,,,,,,,,,,,,,,,,,,,,,,,,,,,,,,,,,,,,,,,,,,,,,,,,,,,,,,,,,,,,,,,,,,,,,,,,,,,,,,,,,,,,,,,,,,,,,,,,,,,,,,,,,,,,,,,,,,,,,,
149,AMD Ryzenþ 7 8840U,100-000001323,100-000001375 ,100-000001312 ,8,16,12,3.3GHz,×î¸ß¿É´ï5.1GHz,,8MB(Õ×),16MB(Õ×),·ñ,TSMC 4nm FinFET,FP7£¬ FP7r2£¬ FP8,PCIe_ 4.0,28W,15-30W,100¡ãC,"DDR5 , LPDDR5/x (FP7, FP8)",,2,2700 MHz,AMD Radeonþ 780M,,,,,,,,,,,,,,,,,,,,,,,,,,,,,,,,,,,,,,,,,,,,,,,,,,,,,,,,,,,,,,,,,,,,,,,,,,,,,,,,,,,,,,,,,,,,,,,,,,,,,,,,,,,,,,,,,,,,,,,,,,,,,,,,,,,,,,,,,,,,,,,,,,,,,,,,,,,,,,,,,,,,,,,,,,,,,,,,,,,,,,,,,,,,,,,,,,,,,,,,,,,,,,,,,,,,,,,,,,,,,,,
150,AMD Ryzenþ 5 8540U,100-000001326,100-000001333 ,,6,12,4,3.2GHz,×î¸ß¿É´ï4.9GHz,,6MB(Õ×),16MB(Õ×),·ñ,TSMC 4nm FinFET,FP7£¬ FP7r2,PCIe_ 4.0,28W,15-30W,100¡ãC,"DDR5 , LPDDR5/x (FP7, FP8)",,2,2800 MHz,AMD Radeonþ 740M,,,,,,,,,,,,,,,,,,,,,,,,,,,,,,,,,,,,,,,,,,,,,,,,,,,,,,,,,,,,,,,,,,,,,,,,,,,,,,,,,,,,,,,,,,,,,,,,,,,,,,,,,,,,,,,,,,,,,,,,,,,,,,,,,,,,,,,,,,,,,,,,,,,,,,,,,,,,,,,,,,,,,,,,,,,,,,,,,,,,,,,,,,,,,,,,,,,,,,,,,,,,,,,,,,,,,,,,,,,,,,,
151,AMD Ryzenþ 3 8440U,100-000001325,100-000001332 ,,4,8,4,3.0GHz,×î¸ß¿É´ï4.7GHz,,4MB(Õ×),8MB(Õ×),·ñ,TSMC 4nm FinFET,FP7£¬ FP7r2,PCIe_ 4.0,28W,15-30W,100¡ãC,"DDR5 , LPDDR5/x (FP7, FP8)",,2,2500 MHz,AMD Radeonþ 740M,,,,,,,,,,,,,,,,,,,,,,,,,,,,,,,,,,,,,,,,,,,,,,,,,,,,,,,,,,,,,,,,,,,,,,,,,,,,,,,,,,,,,,,,,,,,,,,,,,,,,,,,,,,,,,,,,,,,,,,,,,,,,,,,,,,,,,,,,,,,,,,,,,,,,,,,,,,,,,,,,,,,,,,,,,,,,,,,,,,,,,,,,,,,,,,,,,,,,,,,,,,,,,,,,,,,,,,,,,,,,,,